id_pdl,id_client,zone,type_client,puissance_souscrite_kva,type_chauffage,type_compteur,date_pose,statut
PDL-000001,CLI-00001,Coteaux-Ouest,residentiel,6,electrique,communicant,2016-06-11,actif
PDL-000002,CLI-00002,Plateau-Est,residentiel,12,electrique,ancien,2023-01-08,actif
PDL-000003,CLI-00003,Plateau-Est,residentiel,6,electrique,communicant,2022-09-26,actif
PDL-000004,CLI-00004,Parc-Tertiaire,professionnel,12,autre,communicant,2020-11-23,actif
PDL-000005,CLI-00005,Rives-Sud,residentiel,6,electrique,communicant,2019-01-14,actif
PDL-000006,CLI-00006,Parc-Tertiaire,professionnel,12,electrique,communicant,2019-12-19,resilie
PDL-000007,CLI-00007,Bourg-Ancien,professionnel,12,electrique,communicant,2020-09-04,actif
PDL-000008,CLI-00008,Coteaux-Ouest,residentiel,9,autre,communicant,2020-01-02,actif
PDL-000009,CLI-00009,Plateau-Est,residentiel,12,autre,communicant,2020-06-02,actif
PDL-000010,CLI-00010,Zone-Industrielle,professionnel,36,gaz,communicant,2021-06-01,actif
PDL-000011,CLI-00011,Val-Nord,residentiel,12,electrique,ancien,2016-05-04,actif
PDL-000012,CLI-00012,Rives-Sud,residentiel,6,electrique,communicant,2022-05-19,actif
PDL-000013,CLI-00013,Plateau-Est,residentiel,6,electrique,communicant,2019-02-02,actif
PDL-000015,CLI-00015,Plateau-Est,residentiel,12,electrique,communicant,2019-12-20,resilie
PDL-000016,CLI-00016,Rives-Sud,professionnel,12,gaz,communicant,2017-01-22,actif
PDL-000017,CLI-00017,Centre-Ville,professionnel,36,gaz,communicant,2018-03-01,actif
PDL-000018,CLI-00018,Coteaux-Ouest,residentiel,12,electrique,communicant,2022-08-02,actif
PDL-000019,CLI-00019,Centre-Ville,residentiel,12,autre,communicant,2021-10-04,actif
PDL-000020,CLI-00020,Plateau-Est,residentiel,12,gaz,communicant,2019-09-04,actif
PDL-000021,CLI-00021,Parc-Tertiaire,professionnel,36,electrique,communicant,2023-07-02,actif
PDL-000022,CLI-00022,Rives-Sud,residentiel,6,autre,communicant,2024-05-19,actif
PDL-000023,CLI-00023,Val-Nord,residentiel,6,autre,communicant,2020-12-07,actif
PDL-000024,CLI-00024,Coteaux-Ouest,professionnel,12,autre,communicant,2016-06-06,actif
PDL-000025,CLI-00025,Val-Nord,residentiel,12,autre,communicant,2016-12-18,actif
PDL-000027,CLI-00027,Val-Nord,residentiel,12,gaz,communicant,2021-11-13,actif
PDL-000028,CLI-00028,Val-Nord,residentiel,12,gaz,communicant,2020-12-27,actif
PDL-000030,CLI-00030,Coteaux-Ouest,residentiel,9,electrique,communicant,2021-04-05,actif
PDL-000031,CLI-00031,Zone-Industrielle,industriel,120,reseau_chaleur,communicant,2019-01-21,actif
PDL-000032,CLI-00032,Val-Nord,professionnel,36,gaz,communicant,2024-03-05,actif
PDL-000033,CLI-00033,Parc-Tertiaire,professionnel,36,electrique,communicant,2021-11-18,actif
PDL-000034,CLI-00034,Centre-Ville,residentiel,6,autre,communicant,2017-03-12,actif
PDL-000035,CLI-00035,Plateau-Est,residentiel,9,gaz,communicant,2018-11-21,actif
PDL-000036,CLI-00036,Plateau-Est,residentiel,9,electrique,ancien,2016-07-01,actif
PDL-000037,CLI-00037,Rives-Sud,professionnel,36,gaz,communicant,2017-05-27,actif
PDL-000038,CLI-00038,Centre-Ville,professionnel,36,autre,ancien,2023-05-05,actif
PDL-000039,CLI-00039,Coteaux-Ouest,residentiel,9,electrique,communicant,2016-04-19,actif
PDL-000040,CLI-00040,Coteaux-Ouest,residentiel,9,autre,communicant,2018-03-13,actif
PDL-000042,CLI-00042,Parc-Tertiaire,professionnel,36,gaz,ancien,2022-03-09,actif
PDL-000043,CLI-00043,Rives-Sud,residentiel,6,autre,communicant,2021-07-17,actif
PDL-000044,CLI-00044,Parc-Tertiaire,professionnel,36,electrique,communicant,2021-02-19,actif
PDL-000045,CLI-00045,Val-Nord,residentiel,9,autre,communicant,2018-08-15,actif
PDL-000046,CLI-00046,Parc-Tertiaire,professionnel,12,autre,communicant,2022-02-17,actif
PDL-000047,CLI-00047,Rives-Sud,residentiel,9,electrique,communicant,2018-01-24,actif
PDL-000048,CLI-00048,Centre-Ville,professionnel,36,gaz,communicant,2019-09-15,actif
PDL-000049,CLI-00049,Bourg-Ancien,residentiel,9,electrique,communicant,2020-03-14,actif
PDL-000050,CLI-00050,Plateau-Est,residentiel,12,electrique,communicant,2024-01-07,actif
PDL-000051,CLI-00051,Parc-Tertiaire,residentiel,6,gaz,communicant,2018-08-14,actif
PDL-000052,CLI-00052,Bourg-Ancien,residentiel,9,electrique,communicant,2023-07-10,actif
PDL-000053,CLI-00053,Bourg-Ancien,residentiel,12,electrique,communicant,2024-02-25,actif
PDL-000054,CLI-00054,Parc-Tertiaire,professionnel,36,gaz,communicant,2021-05-22,actif
PDL-000055,CLI-00055,Rives-Sud,residentiel,9,electrique,communicant,2020-12-02,actif
PDL-000056,CLI-00056,Coteaux-Ouest,residentiel,6,electrique,communicant,2022-06-11,actif
PDL-000057,CLI-00057,Centre-Ville,residentiel,9,electrique,communicant,2023-01-23,actif
PDL-000058,CLI-00058,Rives-Sud,residentiel,12,electrique,communicant,2023-01-28,resilie
PDL-000060,CLI-00060,Parc-Tertiaire,professionnel,12,gaz,communicant,2021-02-02,actif
PDL-000061,CLI-00061,Rives-Sud,residentiel,12,electrique,communicant,2019-02-19,actif
PDL-000062,CLI-00062,Rives-Sud,professionnel,12,gaz,communicant,2017-02-17,actif
PDL-000063,CLI-00063,Zone-Industrielle,professionnel,36,electrique,communicant,2024-08-14,actif
PDL-000064,CLI-00064,Parc-Tertiaire,professionnel,12,gaz,communicant,2018-12-04,actif
PDL-000065,CLI-00065,Parc-Tertiaire,professionnel,36,gaz,communicant,2019-11-07,actif
PDL-000066,CLI-00066,Parc-Tertiaire,professionnel,36,autre,communicant,2022-02-19,actif
PDL-000067,CLI-00067,Parc-Tertiaire,professionnel,36,autre,communicant,2016-08-20,actif
PDL-000068,CLI-00068,Rives-Sud,residentiel,6,electrique,communicant,2021-01-10,actif
PDL-000071,CLI-00071,Zone-Industrielle,industriel,120,reseau_chaleur,communicant,2020-04-02,actif
PDL-000072,CLI-00072,Zone-Industrielle,professionnel,12,gaz,communicant,2018-05-08,actif
PDL-000073,CLI-00073,Parc-Tertiaire,professionnel,36,electrique,communicant,2016-11-24,actif
PDL-000074,CLI-00074,Parc-Tertiaire,professionnel,36,electrique,communicant,2018-07-27,actif
PDL-000075,CLI-00075,Bourg-Ancien,residentiel,9,electrique,communicant,2018-06-08,actif
PDL-000076,CLI-00076,Centre-Ville,residentiel,9,electrique,communicant,2020-01-08,actif
PDL-000077,CLI-00077,Centre-Ville,residentiel,12,electrique,communicant,2017-12-13,resilie
PDL-000078,CLI-00078,Val-Nord,residentiel,12,gaz,communicant,2018-09-28,actif
PDL-000079,CLI-00079,Bourg-Ancien,residentiel,12,gaz,communicant,2021-06-19,actif
PDL-000080,CLI-00080,Centre-Ville,residentiel,6,autre,ancien,2017-10-07,actif
PDL-000081,CLI-00081,Plateau-Est,residentiel,9,electrique,communicant,2019-11-28,resilie
PDL-000082,CLI-00082,Parc-Tertiaire,residentiel,12,electrique,communicant,2019-04-14,actif
PDL-000083,CLI-00083,Coteaux-Ouest,residentiel,9,electrique,communicant,2024-04-06,actif
PDL-000084,CLI-00084,Val-Nord,residentiel,6,gaz,communicant,2020-06-15,actif
PDL-000085,CLI-00085,Coteaux-Ouest,residentiel,12,autre,communicant,2017-12-19,actif
PDL-000087,CLI-00087,Parc-Tertiaire,residentiel,12,electrique,communicant,2018-08-28,actif
PDL-000088,CLI-00088,Val-Nord,residentiel,6,electrique,communicant,2018-07-04,actif
PDL-000089,CLI-00089,Bourg-Ancien,professionnel,36,electrique,ancien,2019-07-02,actif
PDL-000091,CLI-00091,Val-Nord,residentiel,9,electrique,communicant,2020-02-27,actif
PDL-000092,CLI-00092,Rives-Sud,residentiel,12,autre,communicant,2022-05-07,actif
PDL-000093,CLI-00093,Parc-Tertiaire,professionnel,36,gaz,communicant,2023-05-19,actif
PDL-000094,CLI-00094,Zone-Industrielle,professionnel,36,gaz,communicant,2018-09-13,actif
PDL-000095,CLI-00095,Rives-Sud,professionnel,36,electrique,communicant,2020-03-14,resilie
PDL-000096,CLI-00096,Val-Nord,residentiel,9,electrique,communicant,2018-08-14,actif
PDL-000097,CLI-00097,Val-Nord,professionnel,36,autre,communicant,2019-08-11,actif
PDL-000099,CLI-00099,Rives-Sud,residentiel,12,electrique,communicant,2023-06-24,actif
PDL-000100,CLI-00100,Parc-Tertiaire,professionnel,36,electrique,communicant,2019-11-03,actif
PDL-000101,CLI-00101,Val-Nord,residentiel,12,electrique,communicant,2021-01-23,actif
PDL-000102,CLI-00102,Rives-Sud,residentiel,9,electrique,ancien,2022-01-14,actif
PDL-000104,CLI-00104,Plateau-Est,residentiel,9,electrique,communicant,2023-05-08,resilie
PDL-000105,CLI-00105,Coteaux-Ouest,residentiel,9,gaz,communicant,2022-12-06,actif
PDL-000106,CLI-00106,Plateau-Est,residentiel,12,electrique,communicant,2016-11-19,actif
PDL-000107,CLI-00107,Val-Nord,professionnel,12,electrique,communicant,2021-10-26,actif
PDL-000108,CLI-00108,Plateau-Est,residentiel,6,electrique,ancien,2019-10-04,actif
PDL-000109,CLI-00109,Centre-Ville,residentiel,6,gaz,communicant,2020-09-10,actif
PDL-000110,CLI-00110,Rives-Sud,residentiel,6,autre,communicant,2019-07-28,actif
PDL-000111,CLI-00111,Zone-Industrielle,professionnel,12,gaz,communicant,2017-12-19,actif
PDL-000112,CLI-00112,Val-Nord,residentiel,6,gaz,communicant,2021-08-25,actif
PDL-000113,CLI-00113,Plateau-Est,residentiel,9,gaz,communicant,2022-10-25,actif
PDL-000114,CLI-00114,Bourg-Ancien,residentiel,9,autre,communicant,2017-09-15,actif
PDL-000115,CLI-00115,Rives-Sud,residentiel,9,electrique,communicant,2018-02-21,actif
PDL-000116,CLI-00116,Parc-Tertiaire,professionnel,12,electrique,ancien,2024-01-11,actif
PDL-000117,CLI-00117,Rives-Sud,residentiel,9,electrique,communicant,2016-07-02,actif
PDL-000118,CLI-00118,Coteaux-Ouest,residentiel,9,electrique,ancien,2023-04-14,actif
PDL-000119,CLI-00119,Parc-Tertiaire,professionnel,12,autre,communicant,2023-05-21,actif
PDL-000120,CLI-00120,Parc-Tertiaire,residentiel,6,electrique,communicant,2024-12-11,actif
PDL-000121,CLI-00121,Bourg-Ancien,residentiel,9,electrique,communicant,2017-03-13,actif
PDL-000122,CLI-00122,Bourg-Ancien,residentiel,9,electrique,communicant,2016-05-22,actif
PDL-000123,CLI-00123,Parc-Tertiaire,professionnel,36,autre,communicant,2024-01-13,actif
PDL-000124,CLI-00124,Coteaux-Ouest,residentiel,12,gaz,communicant,2023-07-10,actif
PDL-000125,CLI-00125,Rives-Sud,residentiel,9,electrique,communicant,2016-02-27,actif
PDL-000126,CLI-00126,Zone-Industrielle,industriel,120,gaz,communicant,2020-08-03,actif
PDL-000127,CLI-00127,Coteaux-Ouest,residentiel,9,electrique,communicant,2017-02-27,actif
PDL-000128,CLI-00128,Bourg-Ancien,residentiel,6,electrique,ancien,2022-04-04,actif
PDL-000130,CLI-00130,Coteaux-Ouest,professionnel,36,electrique,communicant,2017-10-16,actif
PDL-000131,CLI-00131,Val-Nord,residentiel,12,electrique,ancien,2023-11-22,actif
PDL-000132,CLI-00132,Rives-Sud,residentiel,6,gaz,communicant,2016-04-18,actif
PDL-000133,CLI-00133,Bourg-Ancien,residentiel,9,electrique,communicant,2018-05-09,actif
PDL-000134,CLI-00134,Bourg-Ancien,residentiel,6,electrique,communicant,2020-04-16,actif
PDL-000135,CLI-00135,Centre-Ville,professionnel,12,autre,communicant,2016-02-02,actif
PDL-000136,CLI-00136,Val-Nord,residentiel,9,electrique,communicant,2022-06-04,actif
PDL-000137,CLI-00137,Coteaux-Ouest,residentiel,12,electrique,communicant,2023-12-09,actif
PDL-000138,CLI-00138,Centre-Ville,residentiel,12,autre,communicant,2023-08-15,actif
PDL-000139,CLI-00139,Centre-Ville,residentiel,6,autre,communicant,2020-05-27,actif
PDL-000140,CLI-00140,Centre-Ville,professionnel,12,gaz,communicant,2021-08-25,actif
PDL-000142,CLI-00142,Parc-Tertiaire,professionnel,36,gaz,communicant,2024-06-22,actif
PDL-000143,CLI-00143,Parc-Tertiaire,professionnel,36,autre,communicant,2023-09-14,actif
PDL-000144,CLI-00144,Coteaux-Ouest,residentiel,12,gaz,communicant,2017-04-12,actif
PDL-000145,CLI-00145,Val-Nord,residentiel,9,electrique,communicant,2018-01-14,actif
PDL-000146,CLI-00146,Rives-Sud,professionnel,36,autre,communicant,2022-12-26,actif
PDL-000147,CLI-00147,Coteaux-Ouest,residentiel,9,electrique,communicant,2024-01-25,actif
PDL-000148,CLI-00148,Centre-Ville,residentiel,6,gaz,communicant,2024-01-13,actif
PDL-000149,CLI-00149,Parc-Tertiaire,residentiel,9,gaz,communicant,2016-07-26,actif
PDL-000151,CLI-00151,Coteaux-Ouest,residentiel,6,autre,communicant,2019-01-27,actif
PDL-000153,CLI-00153,Plateau-Est,residentiel,12,electrique,communicant,2021-11-06,actif
PDL-000154,CLI-00154,Plateau-Est,residentiel,6,autre,communicant,2024-03-09,actif
PDL-000155,CLI-00155,Rives-Sud,residentiel,12,electrique,communicant,2023-04-10,actif
PDL-000156,CLI-00156,Val-Nord,residentiel,6,gaz,communicant,2021-09-17,actif
PDL-000157,CLI-00157,Plateau-Est,residentiel,9,gaz,communicant,2019-09-17,actif
PDL-000158,CLI-00158,Plateau-Est,residentiel,6,electrique,communicant,2016-06-28,actif
PDL-000159,CLI-00159,Plateau-Est,residentiel,12,gaz,ancien,2016-01-18,actif
PDL-000160,CLI-00160,Val-Nord,residentiel,6,electrique,communicant,2016-05-16,actif
PDL-000161,CLI-00161,Val-Nord,residentiel,9,electrique,communicant,2016-08-18,actif
PDL-000163,CLI-00163,Parc-Tertiaire,residentiel,6,autre,communicant,2018-01-19,actif
PDL-000164,CLI-00164,Centre-Ville,residentiel,6,electrique,communicant,2023-02-24,actif
PDL-000165,CLI-00165,Centre-Ville,residentiel,12,gaz,communicant,2023-09-25,actif
PDL-000166,CLI-00166,Zone-Industrielle,industriel,120,reseau_chaleur,communicant,2018-05-19,actif
PDL-000167,CLI-00167,Val-Nord,professionnel,12,gaz,communicant,2020-03-07,actif
PDL-000168,CLI-00168,Coteaux-Ouest,residentiel,9,autre,ancien,2023-12-13,actif
PDL-000170,CLI-00170,Val-Nord,residentiel,6,electrique,communicant,2022-09-26,actif
PDL-000171,CLI-00171,Parc-Tertiaire,residentiel,12,autre,communicant,2017-11-25,actif
PDL-000172,CLI-00172,Parc-Tertiaire,professionnel,12,autre,communicant,2018-11-26,actif
PDL-000173,CLI-00173,Centre-Ville,professionnel,12,autre,communicant,2020-06-01,actif
PDL-000174,CLI-00174,Val-Nord,residentiel,9,electrique,communicant,2021-06-25,actif
PDL-000176,CLI-00176,Parc-Tertiaire,professionnel,36,gaz,communicant,2022-09-07,actif
PDL-000177,CLI-00177,Rives-Sud,professionnel,12,gaz,communicant,2021-04-06,actif
PDL-000178,CLI-00178,Parc-Tertiaire,professionnel,36,gaz,communicant,2020-05-25,actif
PDL-000179,CLI-00179,Zone-Industrielle,industriel,120,autre,communicant,2017-09-20,actif
PDL-000180,CLI-00180,Centre-Ville,professionnel,36,autre,communicant,2017-06-22,actif
PDL-000181,CLI-00181,Centre-Ville,professionnel,36,autre,communicant,2020-11-13,actif
PDL-000182,CLI-00182,Val-Nord,residentiel,9,electrique,communicant,2022-06-23,actif
PDL-000183,CLI-00183,Rives-Sud,residentiel,12,electrique,communicant,2017-12-10,actif
PDL-000184,CLI-00184,Plateau-Est,residentiel,6,electrique,communicant,2018-09-18,actif
PDL-000185,CLI-00185,Rives-Sud,residentiel,6,electrique,communicant,2018-02-23,actif
PDL-000186,CLI-00186,Rives-Sud,residentiel,6,electrique,communicant,2022-12-12,actif
PDL-000187,CLI-00187,Rives-Sud,professionnel,36,gaz,communicant,2018-04-18,actif
PDL-000189,CLI-00189,Centre-Ville,residentiel,9,gaz,communicant,2019-10-13,actif
PDL-000190,CLI-00190,Rives-Sud,residentiel,6,autre,communicant,2018-03-03,actif
PDL-000191,CLI-00191,Coteaux-Ouest,residentiel,9,gaz,communicant,2017-05-28,actif
PDL-000192,CLI-00192,Centre-Ville,residentiel,9,gaz,ancien,2018-04-08,actif
PDL-000193,CLI-00193,Centre-Ville,residentiel,9,gaz,communicant,2021-11-13,actif
PDL-000194,CLI-00194,Rives-Sud,professionnel,36,gaz,communicant,2018-02-28,actif
PDL-000195,CLI-00195,Plateau-Est,residentiel,12,electrique,communicant,2023-07-12,actif
PDL-000196,CLI-00196,Rives-Sud,residentiel,12,gaz,communicant,2016-02-05,actif
PDL-000197,CLI-00197,Rives-Sud,professionnel,36,gaz,communicant,2017-03-11,actif
PDL-000198,CLI-00198,Zone-Industrielle,professionnel,36,gaz,communicant,2018-11-14,actif
PDL-000200,CLI-00200,Val-Nord,residentiel,9,autre,communicant,2024-04-12,actif
PDL-000201,CLI-00201,Parc-Tertiaire,professionnel,12,gaz,communicant,2023-12-01,actif
PDL-000202,CLI-00202,Rives-Sud,residentiel,9,gaz,communicant,2022-03-13,actif
PDL-000203,CLI-00203,Parc-Tertiaire,professionnel,12,electrique,communicant,2022-07-14,actif
PDL-000204,CLI-00204,Plateau-Est,residentiel,9,gaz,communicant,2020-11-26,actif
PDL-000205,CLI-00205,Rives-Sud,residentiel,12,autre,communicant,2018-06-04,actif
PDL-000206,CLI-00206,Val-Nord,residentiel,9,electrique,communicant,2023-04-26,actif
PDL-000207,CLI-00207,Bourg-Ancien,residentiel,12,autre,communicant,2016-07-04,actif
PDL-000208,CLI-00208,Rives-Sud,professionnel,12,electrique,communicant,2019-10-09,actif
PDL-000210,CLI-00210,Val-Nord,residentiel,12,gaz,communicant,2023-02-11,actif
PDL-000211,CLI-00211,Centre-Ville,professionnel,36,autre,communicant,2021-05-09,actif
PDL-000213,CLI-00213,Plateau-Est,residentiel,12,autre,communicant,2021-10-02,actif
PDL-000215,CLI-00215,Val-Nord,residentiel,12,electrique,communicant,2023-06-17,actif
PDL-000216,CLI-00216,Centre-Ville,residentiel,9,autre,communicant,2017-06-13,actif
PDL-000219,CLI-00219,Parc-Tertiaire,professionnel,36,autre,ancien,2021-03-22,resilie
PDL-000220,CLI-00220,Plateau-Est,residentiel,12,gaz,communicant,2024-10-25,actif
PDL-000222,CLI-00222,Centre-Ville,residentiel,9,electrique,communicant,2016-05-01,actif
PDL-000223,CLI-00223,Val-Nord,residentiel,6,gaz,communicant,2021-07-25,actif
PDL-000224,CLI-00224,Coteaux-Ouest,residentiel,6,electrique,communicant,2023-01-02,actif
PDL-000225,CLI-00225,Zone-Industrielle,professionnel,36,gaz,communicant,2020-08-05,actif
PDL-000226,CLI-00226,Coteaux-Ouest,residentiel,9,electrique,communicant,2024-11-01,actif
PDL-000227,CLI-00227,Bourg-Ancien,residentiel,6,electrique,communicant,2019-01-07,actif
PDL-000228,CLI-00228,Coteaux-Ouest,professionnel,36,gaz,communicant,2022-10-25,actif
PDL-000229,CLI-00229,Bourg-Ancien,professionnel,36,electrique,communicant,2020-10-05,actif
PDL-000230,CLI-00230,Centre-Ville,residentiel,12,gaz,communicant,2018-07-28,actif
PDL-000231,CLI-00231,Centre-Ville,residentiel,12,electrique,communicant,2024-01-12,actif
PDL-000232,CLI-00232,Val-Nord,residentiel,9,gaz,communicant,2023-05-12,actif
PDL-000233,CLI-00233,Bourg-Ancien,professionnel,36,electrique,communicant,2019-07-13,actif
PDL-000234,CLI-00234,Val-Nord,residentiel,9,electrique,ancien,2022-11-10,actif
PDL-000235,CLI-00235,Val-Nord,professionnel,12,electrique,communicant,2021-02-19,actif
PDL-000236,CLI-00236,Coteaux-Ouest,professionnel,36,autre,communicant,2020-08-05,actif
PDL-000237,CLI-00237,Centre-Ville,residentiel,6,autre,communicant,2016-09-18,actif
PDL-000238,CLI-00238,Plateau-Est,residentiel,9,electrique,communicant,2017-07-17,actif
PDL-000239,CLI-00239,Parc-Tertiaire,professionnel,36,gaz,ancien,2017-12-16,actif
PDL-000241,CLI-00241,Zone-Industrielle,professionnel,36,gaz,ancien,2022-02-04,actif
PDL-000244,CLI-00244,Centre-Ville,professionnel,36,autre,communicant,2021-07-19,actif
PDL-000245,CLI-00245,Val-Nord,residentiel,6,gaz,communicant,2016-07-27,actif
PDL-000246,CLI-00246,Plateau-Est,residentiel,6,electrique,communicant,2023-07-26,actif
PDL-000247,CLI-00247,Val-Nord,professionnel,36,gaz,communicant,2024-05-28,actif
PDL-000248,CLI-00248,Rives-Sud,professionnel,36,gaz,ancien,2021-02-08,actif
PDL-000250,CLI-00250,Plateau-Est,professionnel,12,gaz,communicant,2018-10-10,resilie
PDL-000251,CLI-00251,Plateau-Est,residentiel,6,gaz,communicant,2024-05-04,actif
PDL-000252,CLI-00252,Bourg-Ancien,residentiel,6,autre,communicant,2019-09-16,actif
PDL-000253,CLI-00253,Plateau-Est,residentiel,6,electrique,communicant,2017-07-12,actif
PDL-000254,CLI-00254,Coteaux-Ouest,residentiel,9,electrique,communicant,2017-09-03,actif
PDL-000255,CLI-00255,Bourg-Ancien,residentiel,9,electrique,communicant,2018-07-16,actif
PDL-000256,CLI-00256,Coteaux-Ouest,residentiel,12,electrique,communicant,2023-08-24,actif
PDL-000258,CLI-00258,Rives-Sud,residentiel,6,electrique,communicant,2016-03-09,actif
PDL-000259,CLI-00259,Parc-Tertiaire,professionnel,12,autre,communicant,2023-04-27,actif
PDL-000260,CLI-00260,Rives-Sud,residentiel,9,autre,communicant,2023-05-05,actif
PDL-000261,CLI-00261,Coteaux-Ouest,residentiel,9,electrique,communicant,2019-02-20,actif
PDL-000262,CLI-00262,Parc-Tertiaire,professionnel,36,autre,communicant,2018-05-07,actif
PDL-000263,CLI-00263,Parc-Tertiaire,professionnel,12,gaz,communicant,2017-04-05,actif
PDL-000264,CLI-00264,Coteaux-Ouest,residentiel,12,gaz,communicant,2016-11-23,actif
PDL-000265,CLI-00265,Rives-Sud,residentiel,12,autre,ancien,2017-07-03,actif
PDL-000266,CLI-00266,Val-Nord,residentiel,12,autre,communicant,2020-12-16,actif
PDL-000267,CLI-00267,Coteaux-Ouest,residentiel,6,autre,communicant,2019-04-15,actif
PDL-000269,CLI-00269,Plateau-Est,residentiel,6,electrique,communicant,2017-01-07,actif
PDL-000270,CLI-00270,Centre-Ville,professionnel,12,gaz,communicant,2023-01-16,resilie
PDL-000271,CLI-00271,Rives-Sud,residentiel,12,gaz,communicant,2018-04-23,actif
PDL-000272,CLI-00272,Parc-Tertiaire,residentiel,12,electrique,communicant,2021-01-21,actif
PDL-000273,CLI-00273,Val-Nord,residentiel,9,electrique,communicant,2018-09-12,actif
PDL-000274,CLI-00274,Parc-Tertiaire,professionnel,36,gaz,communicant,2021-04-22,actif
PDL-000275,CLI-00275,Coteaux-Ouest,residentiel,12,electrique,communicant,2022-08-27,actif
PDL-000276,CLI-00276,Plateau-Est,residentiel,6,autre,communicant,2022-09-14,actif
PDL-000277,CLI-00277,Bourg-Ancien,residentiel,12,autre,communicant,2019-11-21,actif
PDL-000278,CLI-00278,Centre-Ville,residentiel,12,autre,communicant,2024-12-03,actif
PDL-000279,CLI-00279,Centre-Ville,industriel,120,autre,ancien,2016-05-28,actif
PDL-000280,CLI-00280,Coteaux-Ouest,residentiel,12,electrique,communicant,2018-09-22,actif
PDL-000281,CLI-00281,Coteaux-Ouest,residentiel,6,electrique,communicant,2021-06-14,actif
PDL-000282,CLI-00282,Zone-Industrielle,professionnel,12,gaz,ancien,2023-05-27,actif
PDL-000284,CLI-00284,Rives-Sud,residentiel,9,gaz,communicant,2018-09-09,actif
PDL-000285,CLI-00285,Rives-Sud,residentiel,6,electrique,communicant,2024-02-09,actif
PDL-000286,CLI-00286,Zone-Industrielle,industriel,120,reseau_chaleur,communicant,2021-11-13,actif
PDL-000287,CLI-00287,Rives-Sud,residentiel,6,electrique,communicant,2023-06-25,actif
PDL-000288,CLI-00288,Rives-Sud,residentiel,9,gaz,communicant,2024-06-26,actif
PDL-000289,CLI-00289,Zone-Industrielle,professionnel,36,gaz,communicant,2019-06-09,actif
PDL-000290,CLI-00290,Rives-Sud,professionnel,36,electrique,communicant,2023-05-07,actif
PDL-000291,CLI-00291,Parc-Tertiaire,professionnel,36,autre,communicant,2022-07-01,actif
PDL-000292,CLI-00292,Plateau-Est,residentiel,12,electrique,communicant,2024-03-22,actif
PDL-000293,CLI-00293,Val-Nord,residentiel,6,autre,communicant,2023-06-23,actif
PDL-000294,CLI-00294,Zone-Industrielle,industriel,120,reseau_chaleur,communicant,2017-11-13,actif
PDL-000295,CLI-00295,Val-Nord,residentiel,12,gaz,communicant,2022-12-27,actif
PDL-000296,CLI-00296,Centre-Ville,residentiel,9,autre,ancien,2023-06-12,actif
PDL-000297,CLI-00297,Plateau-Est,residentiel,12,gaz,communicant,2019-03-04,actif
PDL-000298,CLI-00298,Rives-Sud,residentiel,6,gaz,communicant,2016-06-26,actif
PDL-000299,CLI-00299,Parc-Tertiaire,professionnel,12,gaz,ancien,2019-05-08,actif
PDL-000300,CLI-00300,Plateau-Est,residentiel,6,gaz,communicant,2020-03-22,actif
PDL-000301,CLI-00301,Centre-Ville,residentiel,9,electrique,communicant,2019-05-23,actif
PDL-000302,CLI-00302,Bourg-Ancien,residentiel,9,electrique,communicant,2022-10-06,actif
PDL-000303,CLI-00303,Rives-Sud,professionnel,12,gaz,communicant,2019-01-13,actif
PDL-000304,CLI-00304,Val-Nord,residentiel,9,electrique,communicant,2020-11-21,actif
PDL-000306,CLI-00306,Rives-Sud,residentiel,12,electrique,ancien,2024-02-26,actif
PDL-000307,CLI-00307,Parc-Tertiaire,professionnel,36,gaz,communicant,2018-09-23,actif
PDL-000308,CLI-00308,Plateau-Est,residentiel,6,autre,communicant,2019-08-09,actif
PDL-000309,CLI-00309,Centre-Ville,professionnel,36,gaz,communicant,2016-07-11,actif
PDL-000310,CLI-00310,Centre-Ville,residentiel,6,electrique,communicant,2017-08-04,actif
PDL-000311,CLI-00311,Rives-Sud,professionnel,36,autre,ancien,2019-07-14,actif
PDL-000312,CLI-00312,Parc-Tertiaire,professionnel,36,autre,communicant,2018-08-19,actif
PDL-000313,CLI-00313,Bourg-Ancien,residentiel,9,electrique,communicant,2019-04-22,actif
PDL-000314,CLI-00314,Rives-Sud,professionnel,36,gaz,communicant,2021-08-25,actif
PDL-000315,CLI-00315,Centre-Ville,residentiel,6,electrique,ancien,2022-03-04,actif
PDL-000316,CLI-00316,Zone-Industrielle,professionnel,12,electrique,communicant,2023-01-01,actif
PDL-000317,CLI-00317,Coteaux-Ouest,professionnel,36,gaz,communicant,2023-09-13,actif
PDL-000318,CLI-00318,Coteaux-Ouest,residentiel,9,gaz,communicant,2020-11-08,actif
PDL-000319,CLI-00319,Centre-Ville,residentiel,12,gaz,communicant,2018-01-21,actif
PDL-000320,CLI-00320,Coteaux-Ouest,residentiel,12,gaz,communicant,2023-03-20,actif
PDL-000321,CLI-00321,Centre-Ville,professionnel,12,gaz,communicant,2021-01-08,actif
PDL-000322,CLI-00322,Val-Nord,residentiel,6,electrique,communicant,2019-02-05,actif
PDL-000323,CLI-00323,Parc-Tertiaire,professionnel,12,electrique,ancien,2017-07-23,actif
PDL-000324,CLI-00324,Val-Nord,professionnel,12,electrique,communicant,2016-09-16,actif
PDL-000325,CLI-00325,Val-Nord,residentiel,9,electrique,ancien,2017-11-10,actif
PDL-000326,CLI-00326,Centre-Ville,professionnel,36,electrique,communicant,2021-07-23,actif
PDL-000327,CLI-00327,Val-Nord,residentiel,9,gaz,communicant,2024-04-09,actif
PDL-000328,CLI-00328,Coteaux-Ouest,residentiel,12,electrique,communicant,2017-02-23,actif
PDL-000329,CLI-00329,Rives-Sud,residentiel,6,gaz,communicant,2016-10-26,actif
PDL-000330,CLI-00330,Rives-Sud,residentiel,6,autre,communicant,2016-03-06,actif
PDL-000331,CLI-00331,Centre-Ville,residentiel,6,autre,communicant,2021-08-07,actif
PDL-000332,CLI-00332,Coteaux-Ouest,residentiel,9,electrique,communicant,2024-02-07,actif
PDL-000333,CLI-00333,Centre-Ville,professionnel,12,gaz,communicant,2019-06-23,actif
PDL-000334,CLI-00334,Coteaux-Ouest,residentiel,9,gaz,communicant,2020-11-24,actif
PDL-000335,CLI-00335,Val-Nord,residentiel,12,autre,communicant,2020-03-21,actif
PDL-000336,CLI-00336,Plateau-Est,residentiel,12,autre,communicant,2024-11-01,actif
PDL-000337,CLI-00337,Centre-Ville,professionnel,12,gaz,communicant,2021-05-18,actif
PDL-000338,CLI-00338,Plateau-Est,residentiel,6,gaz,communicant,2020-08-27,resilie
PDL-000339,CLI-00339,Plateau-Est,residentiel,6,electrique,communicant,2024-08-20,resilie
PDL-000340,CLI-00340,Rives-Sud,residentiel,6,electrique,communicant,2021-01-21,actif
PDL-000341,CLI-00341,Plateau-Est,residentiel,9,autre,communicant,2022-05-19,actif
PDL-000342,CLI-00342,Centre-Ville,residentiel,6,electrique,communicant,2016-03-12,actif
PDL-000343,CLI-00343,Bourg-Ancien,residentiel,6,electrique,ancien,2022-06-14,actif
PDL-000344,CLI-00344,Coteaux-Ouest,residentiel,9,electrique,communicant,2021-10-07,actif
PDL-000345,CLI-00345,Bourg-Ancien,professionnel,36,gaz,communicant,2018-11-12,actif
PDL-000346,CLI-00346,Rives-Sud,residentiel,6,autre,communicant,2022-01-05,resilie
PDL-000347,CLI-00347,Centre-Ville,professionnel,36,electrique,communicant,2022-07-26,resilie
PDL-000348,CLI-00348,Plateau-Est,professionnel,36,autre,communicant,2017-10-03,actif
PDL-000349,CLI-00349,Val-Nord,professionnel,36,gaz,communicant,2017-03-17,actif
PDL-000350,CLI-00350,Bourg-Ancien,residentiel,12,gaz,communicant,2020-03-21,actif
PDL-000351,CLI-00351,Parc-Tertiaire,residentiel,12,gaz,communicant,2020-02-23,actif
PDL-000352,CLI-00352,Plateau-Est,residentiel,9,gaz,communicant,2024-11-05,actif
PDL-000353,CLI-00353,Zone-Industrielle,professionnel,36,gaz,communicant,2019-03-12,actif
PDL-000354,CLI-00354,Centre-Ville,residentiel,6,electrique,communicant,2020-06-20,actif
PDL-000355,CLI-00355,Parc-Tertiaire,professionnel,36,electrique,communicant,2023-06-11,actif
PDL-000356,CLI-00356,Val-Nord,residentiel,12,gaz,communicant,2021-09-24,resilie
PDL-000357,CLI-00357,Centre-Ville,professionnel,36,electrique,communicant,2022-12-07,actif
PDL-000358,CLI-00358,Bourg-Ancien,residentiel,6,electrique,communicant,2021-10-21,actif
PDL-000359,CLI-00359,Zone-Industrielle,professionnel,36,autre,communicant,2017-11-20,actif
PDL-000360,CLI-00360,Parc-Tertiaire,professionnel,36,autre,communicant,2016-01-23,actif
PDL-000361,CLI-00361,Bourg-Ancien,residentiel,9,electrique,communicant,2022-08-11,actif
PDL-000362,CLI-00362,Centre-Ville,professionnel,36,gaz,communicant,2017-03-21,actif
PDL-000363,CLI-00363,Centre-Ville,residentiel,6,gaz,communicant,2019-05-18,actif
PDL-000364,CLI-00364,Coteaux-Ouest,residentiel,6,autre,communicant,2017-02-14,actif
PDL-000365,CLI-00365,Bourg-Ancien,residentiel,9,electrique,ancien,2021-07-14,actif
PDL-000366,CLI-00366,Coteaux-Ouest,residentiel,12,gaz,communicant,2024-12-26,actif
PDL-000367,CLI-00367,Val-Nord,residentiel,9,autre,communicant,2023-12-09,actif
PDL-000368,CLI-00368,Val-Nord,professionnel,36,autre,communicant,2017-08-06,actif
PDL-000369,CLI-00369,Coteaux-Ouest,residentiel,6,autre,communicant,2016-07-25,actif
PDL-000370,CLI-00370,Bourg-Ancien,residentiel,12,autre,communicant,2019-03-21,actif
PDL-000371,CLI-00371,Bourg-Ancien,residentiel,12,electrique,communicant,2021-12-09,actif
PDL-000372,CLI-00372,Centre-Ville,residentiel,6,electrique,communicant,2021-03-07,actif
PDL-000373,CLI-00373,Bourg-Ancien,professionnel,36,autre,communicant,2023-06-25,actif
PDL-000374,CLI-00374,Parc-Tertiaire,professionnel,36,gaz,communicant,2018-11-17,actif
PDL-000375,CLI-00375,Plateau-Est,residentiel,9,electrique,communicant,2019-06-06,actif
PDL-000376,CLI-00376,Parc-Tertiaire,residentiel,12,electrique,communicant,2020-12-09,actif
PDL-000377,CLI-00377,Bourg-Ancien,professionnel,36,autre,communicant,2023-08-13,actif
PDL-000378,CLI-00378,Val-Nord,residentiel,9,electrique,communicant,2021-09-18,actif
PDL-000379,CLI-00379,Val-Nord,professionnel,36,gaz,communicant,2020-10-03,actif
PDL-000380,CLI-00380,Coteaux-Ouest,residentiel,12,electrique,communicant,2022-06-04,actif
PDL-000381,CLI-00381,Bourg-Ancien,residentiel,9,electrique,communicant,2024-06-26,actif
PDL-000382,CLI-00382,Rives-Sud,residentiel,6,electrique,communicant,2016-08-02,actif
PDL-000383,CLI-00383,Zone-Industrielle,professionnel,36,gaz,communicant,2019-07-11,actif
PDL-000384,CLI-00384,Rives-Sud,residentiel,12,gaz,ancien,2022-08-07,actif
PDL-000385,CLI-00385,Bourg-Ancien,residentiel,6,electrique,communicant,2022-08-11,actif
PDL-000386,CLI-00386,Coteaux-Ouest,residentiel,9,autre,communicant,2018-07-14,actif
PDL-000387,CLI-00387,Rives-Sud,residentiel,12,gaz,communicant,2022-09-19,actif
PDL-000388,CLI-00388,Centre-Ville,residentiel,12,gaz,communicant,2022-03-22,actif
PDL-000389,CLI-00389,Bourg-Ancien,professionnel,12,gaz,communicant,2022-07-01,actif
PDL-000390,CLI-00390,Centre-Ville,residentiel,9,autre,ancien,2020-12-01,actif
PDL-000391,CLI-00391,Rives-Sud,professionnel,36,gaz,communicant,2018-08-25,actif
PDL-000392,CLI-00392,Rives-Sud,residentiel,6,electrique,communicant,2022-10-11,actif
PDL-000393,CLI-00393,Rives-Sud,professionnel,36,electrique,communicant,2024-10-24,actif
PDL-000394,CLI-00394,Rives-Sud,professionnel,36,gaz,communicant,2024-06-01,actif
PDL-000395,CLI-00395,Coteaux-Ouest,residentiel,6,electrique,communicant,2022-02-19,actif
PDL-000396,CLI-00396,Plateau-Est,residentiel,12,electrique,communicant,2024-05-09,actif
PDL-000397,CLI-00397,Val-Nord,residentiel,6,autre,communicant,2017-05-01,actif
PDL-000398,CLI-00398,Rives-Sud,professionnel,36,gaz,communicant,2023-05-07,actif
PDL-000399,CLI-00399,Rives-Sud,residentiel,9,electrique,communicant,2017-10-27,actif
PDL-000400,CLI-00400,Plateau-Est,residentiel,9,gaz,communicant,2022-12-12,actif
PDL-000401,CLI-00401,Centre-Ville,industriel,120,electrique,communicant,2016-04-07,actif
PDL-000402,CLI-00402,Centre-Ville,residentiel,9,autre,communicant,2020-12-07,actif
PDL-000403,CLI-00403,Val-Nord,residentiel,6,electrique,communicant,2020-01-10,actif
PDL-000404,CLI-00404,Val-Nord,residentiel,12,electrique,communicant,2022-05-20,actif
PDL-000405,CLI-00405,Zone-Industrielle,professionnel,36,electrique,communicant,2024-06-01,actif
PDL-000406,CLI-00406,Val-Nord,residentiel,9,electrique,communicant,2016-12-06,actif
PDL-000407,CLI-00407,Val-Nord,residentiel,6,electrique,communicant,2018-06-19,actif
PDL-000408,CLI-00408,Val-Nord,residentiel,12,electrique,communicant,2016-04-03,actif
PDL-000409,CLI-00409,Coteaux-Ouest,professionnel,36,gaz,communicant,2019-01-17,actif
PDL-000410,CLI-00410,Coteaux-Ouest,residentiel,9,electrique,communicant,2016-02-01,actif
PDL-000411,CLI-00411,Parc-Tertiaire,residentiel,6,gaz,communicant,2024-09-23,actif
PDL-000412,CLI-00412,Zone-Industrielle,professionnel,12,electrique,communicant,2019-07-04,actif
PDL-000413,CLI-00413,Parc-Tertiaire,professionnel,12,gaz,communicant,2018-04-27,actif
PDL-000414,CLI-00414,Bourg-Ancien,residentiel,12,electrique,communicant,2016-04-26,actif
PDL-000415,CLI-00415,Parc-Tertiaire,professionnel,36,gaz,communicant,2024-02-04,actif
PDL-000416,CLI-00416,Plateau-Est,residentiel,6,autre,communicant,2024-11-11,actif
PDL-000417,CLI-00417,Parc-Tertiaire,professionnel,12,gaz,communicant,2017-04-10,actif
PDL-000418,CLI-00418,Plateau-Est,residentiel,9,autre,communicant,2017-10-05,actif
PDL-000419,CLI-00419,Parc-Tertiaire,professionnel,36,gaz,communicant,2017-03-08,actif
PDL-000420,CLI-00420,Centre-Ville,professionnel,36,gaz,communicant,2016-12-19,actif
PDL-000421,CLI-00421,Zone-Industrielle,industriel,120,reseau_chaleur,communicant,2017-03-08,actif
PDL-000422,CLI-00422,Rives-Sud,professionnel,36,gaz,communicant,2022-02-24,actif
PDL-000423,CLI-00423,Rives-Sud,residentiel,9,electrique,communicant,2024-09-14,actif
PDL-000424,CLI-00424,Coteaux-Ouest,residentiel,12,autre,communicant,2021-04-27,actif
PDL-000425,CLI-00425,Val-Nord,residentiel,6,electrique,communicant,2018-09-11,actif
PDL-000426,CLI-00426,Val-Nord,residentiel,6,autre,communicant,2018-11-26,actif
PDL-000427,CLI-00427,Parc-Tertiaire,professionnel,36,gaz,communicant,2021-02-13,actif
PDL-000429,CLI-00429,Parc-Tertiaire,industriel,120,electrique,communicant,2016-06-12,actif
PDL-000430,CLI-00430,Centre-Ville,residentiel,6,gaz,communicant,2019-01-02,actif
PDL-000431,CLI-00431,Parc-Tertiaire,professionnel,36,gaz,communicant,2021-10-14,actif
PDL-000432,CLI-00432,Zone-Industrielle,professionnel,12,gaz,communicant,2018-11-25,actif
PDL-000433,CLI-00433,Bourg-Ancien,residentiel,9,gaz,communicant,2017-01-26,actif
PDL-000434,CLI-00434,Bourg-Ancien,professionnel,12,gaz,communicant,2024-03-23,actif
PDL-000435,CLI-00435,Rives-Sud,residentiel,12,electrique,communicant,2016-07-13,actif
PDL-000436,CLI-00436,Parc-Tertiaire,professionnel,36,gaz,communicant,2023-04-15,actif
PDL-000437,CLI-00437,Centre-Ville,residentiel,12,electrique,communicant,2024-01-11,actif
PDL-000438,CLI-00438,Coteaux-Ouest,residentiel,12,gaz,communicant,2021-06-09,actif
PDL-000439,CLI-00439,Parc-Tertiaire,professionnel,36,gaz,communicant,2019-11-11,actif
PDL-000440,CLI-00440,Rives-Sud,residentiel,9,electrique,ancien,2021-05-19,actif
PDL-000441,CLI-00441,Bourg-Ancien,professionnel,36,autre,communicant,2024-06-27,actif
PDL-000444,CLI-00444,Plateau-Est,residentiel,9,autre,communicant,2023-10-15,actif
PDL-000445,CLI-00445,Zone-Industrielle,professionnel,36,electrique,communicant,2022-09-11,actif
PDL-000446,CLI-00446,Bourg-Ancien,professionnel,36,autre,ancien,2017-05-07,actif
PDL-000447,CLI-00447,Coteaux-Ouest,residentiel,6,autre,communicant,2023-05-04,actif
PDL-000448,CLI-00448,Parc-Tertiaire,professionnel,36,autre,ancien,2018-05-20,actif
PDL-000449,CLI-00449,Rives-Sud,residentiel,9,autre,communicant,2024-07-27,actif
PDL-000450,CLI-00450,Plateau-Est,residentiel,12,gaz,communicant,2021-02-18,actif
PDL-000452,CLI-00452,Val-Nord,residentiel,6,gaz,communicant,2024-07-26,actif
PDL-000454,CLI-00454,Val-Nord,residentiel,12,gaz,communicant,2021-03-14,actif
PDL-000455,CLI-00455,Centre-Ville,residentiel,6,electrique,communicant,2019-08-05,actif
PDL-000456,CLI-00456,Plateau-Est,residentiel,12,electrique,communicant,2021-02-08,actif
PDL-000457,CLI-00457,Parc-Tertiaire,professionnel,12,autre,communicant,2017-03-11,actif
PDL-000458,CLI-00458,Coteaux-Ouest,residentiel,12,gaz,ancien,2019-09-14,actif
PDL-000459,CLI-00459,Plateau-Est,residentiel,12,gaz,communicant,2019-09-15,actif
PDL-000460,CLI-00460,Centre-Ville,professionnel,36,gaz,communicant,2017-09-08,actif
PDL-000461,CLI-00461,Plateau-Est,residentiel,9,gaz,ancien,2021-07-08,actif
PDL-000464,CLI-00464,Rives-Sud,residentiel,9,electrique,communicant,2023-02-07,actif
PDL-000465,CLI-00465,Zone-Industrielle,professionnel,12,autre,communicant,2018-10-11,actif
PDL-000466,CLI-00466,Plateau-Est,residentiel,12,electrique,communicant,2023-07-07,actif
PDL-000467,CLI-00467,Val-Nord,residentiel,6,electrique,communicant,2024-07-23,actif
PDL-000468,CLI-00468,Plateau-Est,residentiel,9,gaz,communicant,2017-08-08,actif
PDL-000469,CLI-00469,Val-Nord,residentiel,6,electrique,communicant,2017-11-06,actif
PDL-000470,CLI-00470,Val-Nord,residentiel,9,gaz,communicant,2023-03-18,actif
PDL-000471,CLI-00471,Parc-Tertiaire,professionnel,36,autre,communicant,2017-06-20,actif
PDL-000472,CLI-00472,Zone-Industrielle,professionnel,36,gaz,communicant,2016-12-11,actif
PDL-000473,CLI-00473,Centre-Ville,residentiel,12,gaz,communicant,2019-11-16,actif
PDL-000474,CLI-00474,Rives-Sud,residentiel,6,autre,communicant,2016-06-08,actif
PDL-000475,CLI-00475,Plateau-Est,residentiel,9,electrique,ancien,2023-02-28,resilie
PDL-000476,CLI-00476,Val-Nord,residentiel,12,electrique,communicant,2018-12-04,actif
PDL-000477,CLI-00477,Bourg-Ancien,professionnel,12,electrique,communicant,2019-04-22,actif
PDL-000478,CLI-00478,Bourg-Ancien,professionnel,12,gaz,ancien,2019-06-23,resilie
PDL-000479,CLI-00479,Rives-Sud,residentiel,6,gaz,ancien,2022-02-03,actif
PDL-000480,CLI-00480,Centre-Ville,professionnel,12,gaz,communicant,2019-07-04,actif
PDL-000481,CLI-00481,Plateau-Est,residentiel,9,autre,communicant,2019-04-03,actif
PDL-000482,CLI-00482,Coteaux-Ouest,residentiel,12,autre,communicant,2019-05-13,actif
PDL-000483,CLI-00483,Val-Nord,professionnel,36,gaz,communicant,2020-01-16,actif
PDL-000484,CLI-00484,Rives-Sud,residentiel,12,gaz,communicant,2024-03-28,actif
PDL-000485,CLI-00485,Centre-Ville,residentiel,6,electrique,communicant,2024-08-11,actif
PDL-000486,CLI-00486,Plateau-Est,residentiel,9,electrique,communicant,2023-10-28,actif
PDL-000487,CLI-00487,Bourg-Ancien,residentiel,12,gaz,communicant,2018-10-08,actif
PDL-000488,CLI-00488,Rives-Sud,professionnel,12,autre,communicant,2022-03-10,actif
PDL-000489,CLI-00489,Parc-Tertiaire,professionnel,36,autre,communicant,2016-12-04,actif
PDL-000490,CLI-00490,Zone-Industrielle,professionnel,36,gaz,communicant,2022-06-04,actif
PDL-000491,CLI-00491,Parc-Tertiaire,residentiel,6,electrique,communicant,2023-06-28,actif
PDL-000492,CLI-00492,Val-Nord,residentiel,6,autre,communicant,2021-07-03,actif
PDL-000493,CLI-00493,Bourg-Ancien,residentiel,6,autre,communicant,2018-06-15,actif
PDL-000494,CLI-00494,Plateau-Est,residentiel,6,electrique,communicant,2020-11-10,actif
PDL-000495,CLI-00495,Coteaux-Ouest,residentiel,6,autre,communicant,2023-07-08,actif
PDL-000496,CLI-00496,Plateau-Est,residentiel,9,gaz,communicant,2018-01-23,actif
PDL-000497,CLI-00497,Bourg-Ancien,residentiel,12,gaz,communicant,2021-08-12,actif
PDL-000498,CLI-00498,Coteaux-Ouest,residentiel,12,autre,communicant,2017-01-19,resilie
PDL-000499,CLI-00499,Val-Nord,residentiel,12,gaz,communicant,2018-06-23,actif
PDL-000500,CLI-00500,Val-Nord,residentiel,12,autre,communicant,2019-12-20,actif
PDL-000501,CLI-00501,Val-Nord,residentiel,6,gaz,ancien,2017-10-24,actif
PDL-000502,CLI-00502,Coteaux-Ouest,professionnel,12,electrique,communicant,2018-02-13,actif
PDL-000503,CLI-00503,Plateau-Est,residentiel,6,electrique,communicant,2020-10-02,actif
PDL-000504,CLI-00504,Val-Nord,residentiel,9,gaz,communicant,2022-06-08,actif
PDL-000505,CLI-00505,Bourg-Ancien,residentiel,12,gaz,communicant,2024-12-08,actif
PDL-000506,CLI-00506,Coteaux-Ouest,residentiel,9,electrique,communicant,2019-06-15,actif
PDL-000507,CLI-00507,Plateau-Est,residentiel,12,autre,communicant,2018-11-07,actif
PDL-000508,CLI-00508,Rives-Sud,residentiel,9,gaz,communicant,2020-02-23,actif
PDL-000509,CLI-00509,Plateau-Est,residentiel,9,electrique,communicant,2019-05-09,actif
PDL-000510,CLI-00510,Bourg-Ancien,residentiel,9,gaz,communicant,2024-10-02,actif
PDL-000511,CLI-00511,Rives-Sud,residentiel,12,gaz,communicant,2021-08-17,actif
PDL-000512,CLI-00512,Bourg-Ancien,residentiel,6,autre,communicant,2020-01-10,actif
PDL-000513,CLI-00513,Parc-Tertiaire,professionnel,36,gaz,communicant,2017-09-06,actif
PDL-000514,CLI-00514,Coteaux-Ouest,residentiel,12,autre,communicant,2018-03-05,actif
PDL-000515,CLI-00515,Centre-Ville,residentiel,12,autre,communicant,2018-01-17,actif
PDL-000516,CLI-00516,Centre-Ville,residentiel,9,electrique,communicant,2020-08-04,actif
PDL-000517,CLI-00517,Plateau-Est,residentiel,9,electrique,communicant,2017-01-15,resilie
PDL-000518,CLI-00518,Bourg-Ancien,residentiel,6,electrique,communicant,2023-07-06,actif
PDL-000519,CLI-00519,Val-Nord,residentiel,9,autre,communicant,2022-12-17,actif
PDL-000520,CLI-00520,Bourg-Ancien,residentiel,12,electrique,communicant,2024-07-25,actif
PDL-000521,CLI-00521,Centre-Ville,residentiel,12,electrique,communicant,2017-02-01,actif
PDL-000522,CLI-00522,Coteaux-Ouest,residentiel,6,gaz,communicant,2022-04-12,actif
PDL-000523,CLI-00523,Coteaux-Ouest,residentiel,6,electrique,communicant,2022-04-11,actif
PDL-000524,CLI-00524,Zone-Industrielle,professionnel,12,electrique,ancien,2018-02-05,actif
PDL-000525,CLI-00525,Val-Nord,residentiel,9,electrique,communicant,2018-05-06,actif
PDL-000526,CLI-00526,Zone-Industrielle,industriel,120,electrique,communicant,2017-12-26,actif
PDL-000527,CLI-00527,Rives-Sud,residentiel,6,gaz,communicant,2022-07-25,actif
PDL-000528,CLI-00528,Bourg-Ancien,residentiel,12,gaz,communicant,2018-01-26,actif
PDL-000529,CLI-00529,Coteaux-Ouest,residentiel,6,electrique,communicant,2021-10-21,actif
PDL-000530,CLI-00530,Rives-Sud,residentiel,12,gaz,communicant,2019-07-24,actif
PDL-000531,CLI-00531,Parc-Tertiaire,professionnel,36,gaz,communicant,2023-09-23,actif
PDL-000532,CLI-00532,Coteaux-Ouest,professionnel,36,electrique,ancien,2021-05-09,actif
PDL-000533,CLI-00533,Bourg-Ancien,residentiel,12,electrique,communicant,2020-10-23,actif
PDL-000534,CLI-00534,Rives-Sud,residentiel,6,electrique,communicant,2016-01-11,actif
PDL-000535,CLI-00535,Rives-Sud,residentiel,12,electrique,communicant,2021-01-24,actif
PDL-000536,CLI-00536,Centre-Ville,residentiel,12,autre,communicant,2023-09-08,actif
PDL-000537,CLI-00537,Parc-Tertiaire,professionnel,12,gaz,communicant,2021-04-15,actif
PDL-000538,CLI-00538,Centre-Ville,professionnel,12,autre,communicant,2024-07-08,actif
PDL-000539,CLI-00539,Bourg-Ancien,professionnel,12,electrique,communicant,2018-04-03,actif
PDL-000540,CLI-00540,Bourg-Ancien,residentiel,9,electrique,communicant,2024-10-05,actif
PDL-000541,CLI-00541,Bourg-Ancien,residentiel,9,gaz,ancien,2018-08-13,actif
PDL-000542,CLI-00542,Rives-Sud,residentiel,6,autre,communicant,2021-05-09,resilie
PDL-000543,CLI-00543,Val-Nord,residentiel,6,electrique,communicant,2022-08-05,actif
PDL-000544,CLI-00544,Rives-Sud,professionnel,12,gaz,communicant,2022-09-16,actif
PDL-000545,CLI-00545,Coteaux-Ouest,professionnel,36,gaz,communicant,2020-02-28,actif
PDL-000546,CLI-00546,Parc-Tertiaire,residentiel,6,electrique,communicant,2020-01-28,actif
PDL-000547,CLI-00547,Parc-Tertiaire,professionnel,36,gaz,communicant,2017-11-01,actif
PDL-000549,CLI-00549,Centre-Ville,residentiel,12,autre,communicant,2021-09-23,actif
PDL-000550,CLI-00550,Zone-Industrielle,professionnel,36,gaz,communicant,2024-04-08,actif
PDL-000551,CLI-00551,Val-Nord,residentiel,9,autre,communicant,2017-12-07,actif
PDL-000552,CLI-00552,Val-Nord,professionnel,12,autre,communicant,2021-01-07,actif
PDL-000553,CLI-00553,Parc-Tertiaire,professionnel,36,gaz,communicant,2018-10-02,actif
PDL-000554,CLI-00554,Val-Nord,residentiel,6,electrique,communicant,2017-05-12,actif
PDL-000555,CLI-00555,Rives-Sud,professionnel,36,gaz,communicant,2017-05-21,actif
PDL-000556,CLI-00556,Parc-Tertiaire,professionnel,12,autre,communicant,2020-09-01,actif
PDL-000557,CLI-00557,Rives-Sud,residentiel,12,gaz,communicant,2024-02-19,actif
PDL-000558,CLI-00558,Parc-Tertiaire,professionnel,36,autre,communicant,2020-01-01,actif
PDL-000560,CLI-00560,Val-Nord,residentiel,9,autre,communicant,2016-10-03,actif
PDL-000561,CLI-00561,Coteaux-Ouest,residentiel,9,electrique,communicant,2016-01-22,actif
PDL-000562,CLI-00562,Plateau-Est,residentiel,12,electrique,communicant,2016-03-13,resilie
PDL-000563,CLI-00563,Val-Nord,residentiel,12,electrique,communicant,2017-02-26,actif
PDL-000564,CLI-00564,Centre-Ville,residentiel,12,gaz,communicant,2024-07-23,actif
PDL-000565,CLI-00565,Coteaux-Ouest,residentiel,9,autre,communicant,2024-12-02,actif
PDL-000566,CLI-00566,Plateau-Est,residentiel,6,electrique,communicant,2022-11-06,actif
PDL-000567,CLI-00567,Parc-Tertiaire,residentiel,9,electrique,communicant,2021-12-14,actif
PDL-000568,CLI-00568,Plateau-Est,residentiel,6,electrique,communicant,2020-06-16,actif
PDL-000569,CLI-00569,Zone-Industrielle,professionnel,36,electrique,communicant,2017-10-21,actif
PDL-000570,CLI-00570,Centre-Ville,residentiel,6,electrique,communicant,2024-01-17,actif
PDL-000571,CLI-00571,Bourg-Ancien,professionnel,12,autre,communicant,2021-10-24,actif
PDL-000572,CLI-00572,Coteaux-Ouest,residentiel,6,electrique,communicant,2019-09-12,actif
PDL-000573,CLI-00573,Val-Nord,residentiel,12,electrique,communicant,2017-09-21,actif
PDL-000574,CLI-00574,Rives-Sud,residentiel,12,electrique,ancien,2021-04-28,actif
PDL-000575,CLI-00575,Bourg-Ancien,residentiel,9,electrique,communicant,2019-05-19,resilie
PDL-000576,CLI-00576,Parc-Tertiaire,professionnel,12,electrique,communicant,2022-09-09,actif
PDL-000577,CLI-00577,Centre-Ville,professionnel,36,gaz,communicant,2020-12-12,actif
PDL-000578,CLI-00578,Bourg-Ancien,professionnel,36,gaz,communicant,2020-09-08,actif
PDL-000579,CLI-00579,Bourg-Ancien,residentiel,9,gaz,communicant,2017-09-13,actif
PDL-000580,CLI-00580,Plateau-Est,residentiel,9,electrique,communicant,2016-07-26,actif
PDL-000581,CLI-00581,Centre-Ville,residentiel,9,electrique,communicant,2024-07-14,actif
PDL-000582,CLI-00582,Bourg-Ancien,residentiel,6,gaz,communicant,2023-08-06,actif
PDL-000583,CLI-00583,Parc-Tertiaire,professionnel,36,electrique,communicant,2021-06-11,actif
PDL-000584,CLI-00584,Centre-Ville,professionnel,36,gaz,communicant,2018-11-17,actif
PDL-000585,CLI-00585,Parc-Tertiaire,professionnel,36,electrique,communicant,2021-10-23,actif
PDL-000586,CLI-00586,Coteaux-Ouest,residentiel,12,autre,communicant,2022-05-27,actif
PDL-000587,CLI-00587,Coteaux-Ouest,residentiel,9,gaz,communicant,2020-08-23,actif
PDL-000588,CLI-00588,Centre-Ville,residentiel,9,gaz,communicant,2024-03-03,actif
PDL-000590,CLI-00590,Zone-Industrielle,industriel,120,autre,communicant,2022-03-25,actif
PDL-000591,CLI-00591,Centre-Ville,professionnel,12,gaz,communicant,2021-07-02,actif
PDL-000592,CLI-00592,Bourg-Ancien,residentiel,12,gaz,communicant,2016-09-02,actif
PDL-000593,CLI-00593,Val-Nord,residentiel,6,autre,communicant,2017-07-20,actif
PDL-000594,CLI-00594,Zone-Industrielle,professionnel,36,autre,communicant,2020-11-19,actif
PDL-000595,CLI-00595,Val-Nord,residentiel,12,gaz,ancien,2023-02-24,actif
PDL-000596,CLI-00596,Val-Nord,residentiel,6,autre,communicant,2019-03-16,actif
PDL-000597,CLI-00597,Val-Nord,residentiel,12,electrique,communicant,2021-09-02,actif
PDL-000598,CLI-00598,Coteaux-Ouest,residentiel,12,autre,ancien,2020-01-14,actif
PDL-000599,CLI-00599,Val-Nord,professionnel,36,autre,communicant,2019-01-14,actif
PDL-000601,CLI-00601,Zone-Industrielle,industriel,120,gaz,communicant,2017-06-23,actif
PDL-000602,CLI-00602,Centre-Ville,residentiel,9,gaz,communicant,2020-05-20,actif
PDL-000603,CLI-00603,Centre-Ville,residentiel,9,electrique,communicant,2018-09-08,actif
PDL-000604,CLI-00604,Rives-Sud,residentiel,9,electrique,communicant,2019-11-04,actif
PDL-000605,CLI-00605,Plateau-Est,residentiel,9,electrique,communicant,2018-07-14,actif
PDL-000606,CLI-00606,Centre-Ville,industriel,120,gaz,communicant,2017-02-14,resilie
PDL-000607,CLI-00607,Coteaux-Ouest,professionnel,36,autre,communicant,2020-02-07,actif
PDL-000608,CLI-00608,Coteaux-Ouest,residentiel,12,electrique,communicant,2018-08-13,actif
PDL-000609,CLI-00609,Centre-Ville,professionnel,36,electrique,communicant,2018-05-07,actif
PDL-000610,CLI-00610,Parc-Tertiaire,professionnel,36,gaz,communicant,2019-06-19,actif
PDL-000611,CLI-00611,Parc-Tertiaire,professionnel,12,gaz,communicant,2021-03-27,actif
PDL-000612,CLI-00612,Parc-Tertiaire,professionnel,12,gaz,communicant,2017-05-15,actif
PDL-000613,CLI-00613,Coteaux-Ouest,residentiel,6,electrique,communicant,2018-12-12,actif
PDL-000614,CLI-00614,Centre-Ville,professionnel,36,gaz,communicant,2019-07-23,actif
PDL-000615,CLI-00615,Centre-Ville,professionnel,36,autre,communicant,2020-08-27,actif
PDL-000616,CLI-00616,Bourg-Ancien,professionnel,36,gaz,communicant,2019-10-22,actif
PDL-000617,CLI-00617,Bourg-Ancien,professionnel,12,electrique,communicant,2021-05-19,actif
PDL-000618,CLI-00618,Plateau-Est,residentiel,6,gaz,communicant,2022-10-09,actif
PDL-000619,CLI-00619,Parc-Tertiaire,residentiel,6,electrique,communicant,2020-10-01,actif
PDL-000620,CLI-00620,Bourg-Ancien,residentiel,9,electrique,communicant,2022-03-10,actif
PDL-000621,CLI-00621,Val-Nord,residentiel,9,electrique,communicant,2020-02-09,actif
PDL-000622,CLI-00622,Bourg-Ancien,residentiel,6,autre,communicant,2020-05-10,actif
PDL-000623,CLI-00623,Parc-Tertiaire,professionnel,36,gaz,communicant,2021-07-23,actif
PDL-000624,CLI-00624,Rives-Sud,residentiel,12,autre,communicant,2023-08-20,actif
PDL-000625,CLI-00625,Plateau-Est,residentiel,12,electrique,communicant,2021-08-25,actif
PDL-000626,CLI-00626,Coteaux-Ouest,professionnel,36,electrique,communicant,2017-09-09,actif
PDL-000627,CLI-00627,Val-Nord,residentiel,12,electrique,ancien,2021-02-02,actif
PDL-000628,CLI-00628,Plateau-Est,residentiel,6,electrique,communicant,2017-12-14,actif
PDL-000629,CLI-00629,Centre-Ville,residentiel,6,autre,communicant,2017-05-23,actif
PDL-000630,CLI-00630,Parc-Tertiaire,professionnel,36,electrique,communicant,2017-11-06,actif
PDL-000631,CLI-00631,Plateau-Est,residentiel,6,gaz,communicant,2018-11-04,actif
PDL-000632,CLI-00632,Centre-Ville,professionnel,12,gaz,communicant,2020-09-22,actif
PDL-000633,CLI-00633,Bourg-Ancien,professionnel,36,electrique,ancien,2022-07-21,actif
PDL-000634,CLI-00634,Plateau-Est,residentiel,12,autre,communicant,2023-03-21,actif
PDL-000635,CLI-00635,Val-Nord,residentiel,12,autre,communicant,2019-11-17,actif
PDL-000636,CLI-00636,Val-Nord,residentiel,12,electrique,communicant,2019-08-17,actif
PDL-000637,CLI-00637,Centre-Ville,residentiel,9,electrique,ancien,2023-01-23,actif
PDL-000638,CLI-00638,Centre-Ville,residentiel,6,electrique,ancien,2017-08-19,actif
PDL-000639,CLI-00639,Coteaux-Ouest,residentiel,6,electrique,communicant,2024-03-19,actif
PDL-000640,CLI-00640,Plateau-Est,residentiel,9,electrique,communicant,2024-08-02,actif
PDL-000641,CLI-00641,Plateau-Est,residentiel,6,electrique,communicant,2019-02-03,actif
PDL-000642,CLI-00642,Plateau-Est,professionnel,36,electrique,communicant,2024-07-25,actif
PDL-000643,CLI-00643,Bourg-Ancien,residentiel,12,autre,communicant,2019-03-19,actif
PDL-000644,CLI-00644,Plateau-Est,residentiel,12,gaz,communicant,2019-05-28,actif
PDL-000645,CLI-00645,Centre-Ville,residentiel,6,electrique,communicant,2019-12-13,actif
PDL-000647,CLI-00647,Rives-Sud,residentiel,9,autre,communicant,2023-04-20,actif
PDL-000648,CLI-00648,Plateau-Est,professionnel,12,autre,communicant,2017-11-25,actif
PDL-000649,CLI-00649,Coteaux-Ouest,residentiel,12,gaz,communicant,2019-02-14,actif
PDL-000650,CLI-00650,Coteaux-Ouest,residentiel,9,electrique,communicant,2019-08-21,actif
PDL-000651,CLI-00651,Plateau-Est,residentiel,9,autre,communicant,2021-05-01,actif
PDL-000652,CLI-00652,Parc-Tertiaire,professionnel,36,electrique,communicant,2018-03-06,actif
PDL-000653,CLI-00653,Val-Nord,residentiel,6,gaz,communicant,2019-10-03,actif
PDL-000654,CLI-00654,Coteaux-Ouest,residentiel,9,electrique,communicant,2017-07-01,actif
PDL-000655,CLI-00655,Coteaux-Ouest,residentiel,12,gaz,communicant,2018-11-16,actif
PDL-000656,CLI-00656,Parc-Tertiaire,industriel,120,reseau_chaleur,communicant,2021-09-19,actif
PDL-000657,CLI-00657,Zone-Industrielle,professionnel,12,electrique,communicant,2024-12-26,actif
PDL-000658,CLI-00658,Rives-Sud,professionnel,36,electrique,communicant,2023-03-05,actif
PDL-000659,CLI-00659,Rives-Sud,residentiel,6,electrique,communicant,2020-08-01,actif
PDL-000660,CLI-00660,Parc-Tertiaire,residentiel,6,autre,communicant,2021-06-24,actif
PDL-000661,CLI-00661,Bourg-Ancien,professionnel,36,gaz,communicant,2020-01-05,actif
PDL-000662,CLI-00662,Coteaux-Ouest,professionnel,12,electrique,communicant,2018-07-14,actif
PDL-000663,CLI-00663,Val-Nord,residentiel,12,autre,communicant,2024-08-09,actif
PDL-000664,CLI-00664,Centre-Ville,residentiel,6,autre,ancien,2021-08-23,actif
PDL-000665,CLI-00665,Bourg-Ancien,professionnel,36,gaz,communicant,2017-12-07,actif
PDL-000666,CLI-00666,Parc-Tertiaire,professionnel,36,electrique,communicant,2016-04-03,actif
PDL-000667,CLI-00667,Bourg-Ancien,residentiel,9,electrique,communicant,2023-07-27,actif
PDL-000668,CLI-00668,Plateau-Est,residentiel,12,electrique,communicant,2019-11-06,actif
PDL-000669,CLI-00669,Rives-Sud,professionnel,12,gaz,communicant,2021-06-06,actif
PDL-000670,CLI-00670,Coteaux-Ouest,residentiel,6,electrique,communicant,2022-06-14,resilie
PDL-000671,CLI-00671,Plateau-Est,residentiel,6,autre,communicant,2024-06-12,actif
PDL-000672,CLI-00672,Centre-Ville,professionnel,36,electrique,communicant,2023-12-04,actif
PDL-000673,CLI-00673,Bourg-Ancien,residentiel,9,autre,communicant,2020-02-13,actif
PDL-000674,CLI-00674,Parc-Tertiaire,professionnel,36,electrique,communicant,2023-05-13,actif
PDL-000675,CLI-00675,Zone-Industrielle,professionnel,36,gaz,communicant,2019-02-04,actif
PDL-000676,CLI-00676,Parc-Tertiaire,professionnel,12,gaz,communicant,2019-04-18,actif
PDL-000677,CLI-00677,Centre-Ville,residentiel,6,autre,communicant,2018-12-19,actif
PDL-000678,CLI-00678,Parc-Tertiaire,professionnel,36,gaz,communicant,2019-05-19,actif
PDL-000679,CLI-00679,Parc-Tertiaire,professionnel,36,gaz,communicant,2018-08-10,actif
PDL-000680,CLI-00680,Val-Nord,residentiel,6,electrique,communicant,2016-10-07,actif
PDL-000681,CLI-00681,Val-Nord,residentiel,12,autre,communicant,2016-11-18,resilie
PDL-000683,CLI-00683,Coteaux-Ouest,residentiel,12,electrique,communicant,2024-06-18,actif
PDL-000684,CLI-00684,Coteaux-Ouest,residentiel,9,electrique,communicant,2019-04-22,actif
PDL-000685,CLI-00685,Bourg-Ancien,professionnel,12,autre,communicant,2022-04-28,actif
PDL-000686,CLI-00686,Val-Nord,residentiel,12,electrique,ancien,2024-08-28,actif
PDL-000687,CLI-00687,Rives-Sud,professionnel,36,gaz,communicant,2016-03-11,actif
PDL-000688,CLI-00688,Val-Nord,residentiel,6,autre,communicant,2016-10-28,actif
PDL-000689,CLI-00689,Centre-Ville,professionnel,36,gaz,communicant,2022-03-10,actif
PDL-000690,CLI-00690,Rives-Sud,residentiel,12,electrique,communicant,2020-05-21,actif
PDL-000691,CLI-00691,Parc-Tertiaire,residentiel,12,autre,communicant,2019-08-12,actif
PDL-000692,CLI-00692,Zone-Industrielle,professionnel,12,gaz,communicant,2020-09-21,actif
PDL-000693,CLI-00693,Centre-Ville,residentiel,6,autre,communicant,2016-02-15,actif
PDL-000694,CLI-00694,Val-Nord,residentiel,12,electrique,communicant,2018-10-03,actif
PDL-000695,CLI-00695,Centre-Ville,residentiel,6,gaz,communicant,2017-06-27,actif
PDL-000696,CLI-00696,Plateau-Est,residentiel,12,autre,communicant,2024-05-04,actif
PDL-000697,CLI-00697,Val-Nord,residentiel,9,electrique,communicant,2020-05-06,actif
PDL-000698,CLI-00698,Rives-Sud,residentiel,9,autre,communicant,2023-09-18,actif
PDL-000699,CLI-00699,Coteaux-Ouest,residentiel,9,gaz,communicant,2018-09-02,actif
PDL-000700,CLI-00700,Centre-Ville,residentiel,9,gaz,communicant,2018-06-14,actif
