id_incident,date_debut,duree_minutes,zone,type,nb_pdl_impactes,cause
INC-0001,2024-09-19 09:56:00,91,Parc-Tertiaire,surtension,119,inconnue
INC-0002,2025-11-09 17:53:00,83,Zone-Industrielle,maintenance_programmee,44,inconnue
INC-0003,2024-05-02 10:52:00,28,Coteaux-Ouest,coupure,68,vetuste_materiel
INC-0004,2024-10-21 23:25:00,5,Zone-Industrielle,panne_poste,993,defaut_isolement
INC-0005,2025-07-26 03:11:00,35,Zone-Industrielle,surtension,693,inconnue
INC-0006,2025-01-01 12:38:00,193,Rives-Sud,coupure,827,vetuste_materiel
INC-0007,2025-04-12 06:50:00,96,Bourg-Ancien,maintenance_programmee,39,surcharge
INC-0008,2024-04-01 10:52:00,38,Val-Nord,maintenance_programmee,128,surcharge
INC-0009,2025-05-18 00:11:00,65,Parc-Tertiaire,panne_poste,826,intemperie
INC-0010,2025-03-23 16:36:00,80,Plateau-Est,maintenance_programmee,89,travaux_tiers
INC-0011,2025-02-18 23:37:00,190,Plateau-Est,maintenance_programmee,70,inconnue
INC-0012,2025-03-06 05:57:00,170,Val-Nord,surtension,1121,travaux_tiers
INC-0013,2024-03-11 00:17:00,147,Centre-Ville,coupure,884,inconnue
INC-0014,2025-10-16 14:49:00,120,Rives-Sud,baisse_tension,147,intemperie
INC-0015,2025-08-06 19:20:00,136,Val-Nord,maintenance_programmee,164,travaux_tiers
INC-0016,2024-06-15 21:11:00,36,Coteaux-Ouest,baisse_tension,512,surcharge
INC-0017,2025-10-23 05:35:00,136,Rives-Sud,panne_poste,974,travaux_tiers
INC-0018,2025-12-22 07:23:00,139,Bourg-Ancien,surtension,747,inconnue
INC-0019,2025-09-12 22:36:00,5,Bourg-Ancien,surtension,239,inconnue
INC-0020,2024-06-01 08:36:00,5,Coteaux-Ouest,surtension,634,vetuste_materiel
INC-0021,2025-06-21 06:20:00,23,Val-Nord,surtension,1175,vetuste_materiel
INC-0022,2024-01-04 08:43:00,155,Parc-Tertiaire,baisse_tension,419,intemperie
INC-0023,2025-02-16 13:37:00,117,Coteaux-Ouest,panne_poste,563,vetuste_materiel
INC-0024,2025-10-13 21:39:00,37,Parc-Tertiaire,surtension,569,intemperie
INC-0025,2025-01-15 08:06:00,82,Centre-Ville,baisse_tension,1014,travaux_tiers
INC-0026,2025-08-24 00:21:00,92,Coteaux-Ouest,baisse_tension,116,intemperie
INC-0027,2025-12-03 17:21:00,191,Coteaux-Ouest,panne_poste,566,defaut_isolement
INC-0028,2025-12-22 11:59:00,80,Zone-Industrielle,coupure,705,vetuste_materiel
INC-0029,2025-03-26 03:44:00,75,Bourg-Ancien,coupure,940,intemperie
INC-0030,2025-04-16 06:25:00,90,Rives-Sud,maintenance_programmee,121,intemperie
INC-0031,2025-07-30 03:43:00,123,Bourg-Ancien,panne_poste,885,defaut_isolement
INC-0032,2025-09-07 09:50:00,118,Plateau-Est,surtension,959,travaux_tiers
INC-0033,2024-01-01 13:39:00,261,Plateau-Est,baisse_tension,256,inconnue
INC-0034,2024-03-29 21:21:00,106,Zone-Industrielle,surtension,875,surcharge
INC-0035,2025-09-23 19:15:00,24,Bourg-Ancien,panne_poste,168,inconnue
INC-0036,2025-01-03 15:34:00,63,Val-Nord,panne_poste,1040,intemperie
INC-0037,2025-01-25 14:57:00,118,Rives-Sud,surtension,882,travaux_tiers
INC-0038,2025-06-09 07:49:00,89,Centre-Ville,panne_poste,888,inconnue
INC-0039,2024-08-18 21:32:00,78,Val-Nord,coupure,1055,travaux_tiers
INC-0040,2024-11-26 10:27:00,35,Zone-Industrielle,baisse_tension,520,intemperie
INC-0041,2024-03-29 07:32:00,146,Parc-Tertiaire,maintenance_programmee,44,inconnue
INC-0042,2024-05-02 15:04:00,114,Bourg-Ancien,baisse_tension,306,vetuste_materiel
INC-0043,2024-02-02 13:10:00,117,Rives-Sud,baisse_tension,188,travaux_tiers
INC-0044,2024-05-08 18:48:00,111,Parc-Tertiaire,coupure,285,surcharge
INC-0045,2024-03-16 03:55:00,120,Plateau-Est,baisse_tension,1154,inconnue
INC-0046,2024-01-17 19:53:00,159,Centre-Ville,panne_poste,338,intemperie
INC-0047,2025-08-10 03:28:00,73,Bourg-Ancien,maintenance_programmee,143,vetuste_materiel
INC-0048,2024-06-15 23:55:00,5,Bourg-Ancien,surtension,645,surcharge
INC-0049,2025-07-14 11:26:00,49,Coteaux-Ouest,coupure,313,vetuste_materiel
INC-0050,2024-11-13 21:12:00,64,Bourg-Ancien,surtension,533,vetuste_materiel
INC-0051,2024-07-29 08:23:00,5,Bourg-Ancien,surtension,119,travaux_tiers
INC-0052,2025-03-23 18:27:00,118,Bourg-Ancien,surtension,163,vetuste_materiel
INC-0053,2025-05-04 18:16:00,18,Bourg-Ancien,baisse_tension,269,intemperie
INC-0054,2025-01-25 20:01:00,157,Parc-Tertiaire,maintenance_programmee,143,defaut_isolement
INC-0055,2025-03-05 01:11:00,153,Bourg-Ancien,baisse_tension,38,surcharge
INC-0056,2024-05-18 18:44:00,11,Zone-Industrielle,surtension,652,surcharge
INC-0057,2024-04-09 23:36:00,5,Bourg-Ancien,panne_poste,304,travaux_tiers
INC-0058,2024-07-28 22:01:00,52,Centre-Ville,baisse_tension,1183,inconnue
INC-0059,2024-05-18 05:38:00,40,Coteaux-Ouest,maintenance_programmee,198,inconnue
INC-0060,2024-02-24 18:26:00,90,Parc-Tertiaire,surtension,401,inconnue
INC-0061,2024-05-05 21:22:00,86,Parc-Tertiaire,maintenance_programmee,193,defaut_isolement
INC-0062,2024-06-01 19:37:00,124,Coteaux-Ouest,baisse_tension,1082,travaux_tiers
INC-0063,2024-12-13 12:36:00,141,Bourg-Ancien,maintenance_programmee,161,inconnue
INC-0064,2025-07-27 13:45:00,101,Bourg-Ancien,surtension,55,inconnue
INC-0065,2024-09-17 11:32:00,151,Bourg-Ancien,panne_poste,891,defaut_isolement
INC-0066,2025-07-13 13:26:00,41,Rives-Sud,maintenance_programmee,51,defaut_isolement
INC-0067,2024-07-15 11:41:00,130,Rives-Sud,surtension,945,vetuste_materiel
INC-0068,2025-02-03 23:18:00,102,Rives-Sud,coupure,1135,vetuste_materiel
INC-0069,2025-02-03 06:58:00,192,Centre-Ville,maintenance_programmee,160,intemperie
INC-0070,2025-08-23 05:23:00,45,Bourg-Ancien,panne_poste,803,inconnue
INC-0071,2025-07-21 17:21:00,155,Coteaux-Ouest,surtension,1152,defaut_isolement
INC-0072,2025-01-04 22:08:00,19,Rives-Sud,maintenance_programmee,169,travaux_tiers
INC-0073,2025-03-14 14:45:00,230,Zone-Industrielle,surtension,536,vetuste_materiel
INC-0074,2024-01-15 02:13:00,155,Bourg-Ancien,maintenance_programmee,159,vetuste_materiel
INC-0075,2025-03-15 09:49:00,210,Zone-Industrielle,baisse_tension,730,vetuste_materiel
INC-0076,2024-09-23 05:09:00,76,Val-Nord,maintenance_programmee,33,intemperie
INC-0077,2024-12-25 20:58:00,267,Coteaux-Ouest,baisse_tension,51,defaut_isolement
INC-0078,2025-05-10 10:53:00,59,Coteaux-Ouest,panne_poste,605,defaut_isolement
INC-0079,2025-06-10 16:59:00,5,Plateau-Est,maintenance_programmee,143,travaux_tiers
INC-0080,2025-04-09 14:02:00,45,Val-Nord,panne_poste,333,inconnue
INC-0081,2024-12-14 19:47:00,227,Bourg-Ancien,panne_poste,778,intemperie
INC-0082,2025-10-29 04:28:00,5,Bourg-Ancien,coupure,1191,inconnue
INC-0083,2024-12-24 14:00:00,75,Centre-Ville,baisse_tension,338,vetuste_materiel
INC-0084,2025-10-05 22:21:00,126,Zone-Industrielle,coupure,683,inconnue
INC-0085,2025-08-11 04:13:00,9,Zone-Industrielle,coupure,1167,inconnue
INC-0086,2024-03-16 07:50:00,11,Zone-Industrielle,maintenance_programmee,154,vetuste_materiel
INC-0087,2025-08-13 13:10:00,111,Plateau-Est,coupure,248,inconnue
INC-0088,2024-12-26 17:42:00,239,Coteaux-Ouest,surtension,788,surcharge
INC-0089,2024-05-23 01:25:00,92,Centre-Ville,surtension,271,travaux_tiers
INC-0090,2024-03-30 06:14:00,27,Zone-Industrielle,maintenance_programmee,116,vetuste_materiel
INC-0091,2025-09-29 10:49:00,106,Zone-Industrielle,surtension,332,intemperie
INC-0092,2024-02-15 17:35:00,86,Coteaux-Ouest,maintenance_programmee,48,defaut_isolement
INC-0093,2025-02-27 01:22:00,240,Parc-Tertiaire,coupure,276,intemperie
INC-0094,2025-04-04 10:02:00,22,Plateau-Est,baisse_tension,839,defaut_isolement
INC-0095,2024-04-02 22:43:00,174,Val-Nord,coupure,466,defaut_isolement
INC-0096,2025-08-16 14:45:00,5,Zone-Industrielle,panne_poste,323,surcharge
INC-0097,2025-02-24 13:15:00,199,Val-Nord,surtension,550,intemperie
INC-0098,2025-06-10 21:17:00,55,Rives-Sud,surtension,968,defaut_isolement
INC-0099,2024-11-03 14:32:00,41,Val-Nord,maintenance_programmee,22,inconnue
INC-0100,2025-10-16 05:47:00,114,Bourg-Ancien,maintenance_programmee,157,inconnue
INC-0101,2025-09-13 17:20:00,108,Plateau-Est,coupure,509,intemperie
INC-0102,2024-03-14 09:13:00,155,Coteaux-Ouest,coupure,862,travaux_tiers
INC-0103,2024-03-07 02:01:00,97,Centre-Ville,maintenance_programmee,45,defaut_isolement
INC-0104,2025-04-27 21:47:00,49,Zone-Industrielle,maintenance_programmee,173,intemperie
INC-0105,2025-08-16 22:48:00,5,Zone-Industrielle,panne_poste,1179,vetuste_materiel
INC-0106,2025-03-03 10:25:00,134,Zone-Industrielle,maintenance_programmee,84,surcharge
INC-0107,2025-02-02 14:58:00,138,Val-Nord,baisse_tension,962,intemperie
INC-0108,2024-08-30 15:38:00,100,Centre-Ville,surtension,601,intemperie
INC-0109,2025-10-05 14:03:00,5,Rives-Sud,baisse_tension,996,surcharge
INC-0110,2024-03-26 03:40:00,52,Centre-Ville,panne_poste,1079,surcharge
INC-0111,2025-08-09 01:47:00,43,Zone-Industrielle,panne_poste,872,surcharge
INC-0112,2024-10-25 10:23:00,16,Parc-Tertiaire,surtension,252,inconnue
INC-0113,2025-04-26 02:10:00,103,Val-Nord,surtension,995,intemperie
INC-0114,2024-05-23 03:43:00,120,Val-Nord,coupure,5,intemperie
INC-0115,2024-08-05 15:58:00,43,Val-Nord,coupure,456,intemperie
INC-0116,2024-02-04 20:49:00,192,Val-Nord,baisse_tension,1111,inconnue
INC-0117,2025-08-01 05:30:00,75,Bourg-Ancien,maintenance_programmee,190,inconnue
INC-0118,2025-10-28 16:40:00,49,Bourg-Ancien,maintenance_programmee,162,defaut_isolement
INC-0119,2024-04-25 04:40:00,44,Val-Nord,baisse_tension,729,vetuste_materiel
INC-0120,2025-09-13 00:37:00,150,Centre-Ville,coupure,875,intemperie
INC-0121,2025-10-18 01:06:00,78,Zone-Industrielle,baisse_tension,828,defaut_isolement
INC-0122,2024-03-24 13:39:00,146,Centre-Ville,surtension,854,surcharge
INC-0123,2024-11-25 01:08:00,56,Rives-Sud,maintenance_programmee,64,vetuste_materiel
INC-0124,2024-02-21 12:55:00,70,Parc-Tertiaire,surtension,901,inconnue
INC-0125,2025-01-18 19:39:00,5,Plateau-Est,surtension,768,vetuste_materiel
INC-0126,2025-09-05 16:00:00,48,Parc-Tertiaire,maintenance_programmee,174,vetuste_materiel
INC-0127,2025-07-16 20:37:00,5,Plateau-Est,surtension,758,inconnue
INC-0128,2024-09-14 03:03:00,21,Plateau-Est,baisse_tension,844,intemperie
INC-0129,2024-08-03 08:21:00,81,Val-Nord,baisse_tension,357,surcharge
INC-0130,2025-12-25 07:49:00,89,Val-Nord,surtension,52,surcharge
INC-0131,2024-08-22 12:37:00,97,Val-Nord,coupure,756,inconnue
INC-0132,2024-12-10 18:03:00,59,Plateau-Est,coupure,1053,travaux_tiers
INC-0133,2025-11-25 11:28:00,105,Zone-Industrielle,maintenance_programmee,38,vetuste_materiel
INC-0134,2025-05-18 16:36:00,132,Val-Nord,surtension,495,intemperie
INC-0135,2025-09-22 17:49:00,62,Coteaux-Ouest,maintenance_programmee,169,inconnue
INC-0136,2025-06-29 08:29:00,182,Val-Nord,panne_poste,994,vetuste_materiel
INC-0137,2024-04-18 05:34:00,106,Coteaux-Ouest,maintenance_programmee,193,travaux_tiers
INC-0138,2024-03-11 08:56:00,10,Bourg-Ancien,baisse_tension,799,vetuste_materiel
INC-0139,2024-10-15 12:25:00,93,Zone-Industrielle,baisse_tension,299,defaut_isolement
INC-0140,2025-04-07 00:45:00,33,Coteaux-Ouest,coupure,250,inconnue
INC-0141,2025-04-24 18:44:00,57,Centre-Ville,surtension,571,inconnue
INC-0142,2025-11-03 07:17:00,90,Zone-Industrielle,panne_poste,764,vetuste_materiel
INC-0143,2024-02-10 23:55:00,105,Parc-Tertiaire,surtension,382,inconnue
INC-0144,2025-12-04 08:16:00,172,Coteaux-Ouest,coupure,839,intemperie
INC-0145,2024-02-13 12:50:00,123,Rives-Sud,surtension,644,travaux_tiers
INC-0147,2024-12-15 19:15:00,208,Centre-Ville,coupure,497,inconnue
INC-0148,2025-10-08 02:31:00,211,Bourg-Ancien,maintenance_programmee,51,inconnue
INC-0149,2024-03-25 16:31:00,132,Centre-Ville,coupure,697,intemperie
INC-0150,2024-05-22 23:07:00,103,Rives-Sud,baisse_tension,745,inconnue
INC-0151,2024-03-30 21:27:00,150,Centre-Ville,coupure,956,intemperie
INC-0152,2024-09-12 23:46:00,19,Val-Nord,panne_poste,114,defaut_isolement
INC-0153,2024-02-15 03:59:00,137,Val-Nord,surtension,1100,vetuste_materiel
INC-0154,2025-11-17 00:44:00,139,Zone-Industrielle,coupure,122,travaux_tiers
INC-0155,2024-10-15 17:16:00,34,Zone-Industrielle,coupure,965,surcharge
INC-0156,2024-03-10 21:05:00,80,Bourg-Ancien,maintenance_programmee,70,intemperie
INC-0157,2024-10-18 10:19:00,73,Zone-Industrielle,maintenance_programmee,43,vetuste_materiel
INC-0158,2025-04-23 07:02:00,177,Val-Nord,panne_poste,845,inconnue
INC-0159,2024-05-22 13:33:00,34,Parc-Tertiaire,surtension,254,vetuste_materiel
INC-0160,2024-08-28 05:13:00,58,Parc-Tertiaire,surtension,1103,surcharge
INC-0161,2025-04-03 05:52:00,197,Coteaux-Ouest,maintenance_programmee,107,intemperie
INC-0162,2025-02-21 10:31:00,182,Plateau-Est,maintenance_programmee,163,travaux_tiers
INC-0163,2025-01-02 08:23:00,196,Zone-Industrielle,surtension,29,surcharge
INC-0165,2024-04-23 17:42:00,127,Val-Nord,panne_poste,235,surcharge
INC-0166,2024-11-18 21:51:00,183,Centre-Ville,maintenance_programmee,68,travaux_tiers
INC-0167,2025-08-05 11:25:00,124,Coteaux-Ouest,coupure,43,inconnue
INC-0168,2024-10-15 16:58:00,73,Parc-Tertiaire,panne_poste,13,travaux_tiers
INC-0169,2024-01-22 06:13:00,74,Parc-Tertiaire,panne_poste,311,intemperie
INC-0170,2024-06-23 08:31:00,33,Centre-Ville,coupure,525,intemperie
INC-0171,2025-07-05 10:20:00,100,Bourg-Ancien,coupure,871,inconnue
INC-0172,2024-03-12 16:58:00,5,Centre-Ville,surtension,777,intemperie
INC-0173,2024-08-23 09:19:00,142,Bourg-Ancien,coupure,569,defaut_isolement
INC-0174,2024-01-04 21:20:00,151,Centre-Ville,maintenance_programmee,125,vetuste_materiel
INC-0175,2025-08-15 21:35:00,109,Bourg-Ancien,maintenance_programmee,93,inconnue
INC-0176,2024-01-14 19:08:00,161,Centre-Ville,baisse_tension,680,surcharge
INC-0177,2025-11-22 03:18:00,142,Plateau-Est,panne_poste,44,vetuste_materiel
INC-0178,2025-08-12 07:06:00,5,Zone-Industrielle,panne_poste,1061,vetuste_materiel
INC-0179,2025-03-20 10:36:00,77,Rives-Sud,baisse_tension,43,travaux_tiers
INC-0180,2025-01-06 15:49:00,131,Zone-Industrielle,coupure,67,inconnue
INC-0181,2025-03-13 02:43:00,40,Centre-Ville,maintenance_programmee,72,intemperie
INC-0182,2025-04-03 12:44:00,136,Val-Nord,maintenance_programmee,39,travaux_tiers
INC-0183,2025-03-04 05:24:00,170,Zone-Industrielle,baisse_tension,839,travaux_tiers
INC-0184,2025-12-23 19:17:00,83,Rives-Sud,coupure,896,vetuste_materiel
INC-0185,2025-10-09 17:42:00,21,Rives-Sud,baisse_tension,869,travaux_tiers
INC-0186,2025-02-06 11:50:00,118,Val-Nord,baisse_tension,89,vetuste_materiel
INC-0187,2024-02-08 23:07:00,230,Parc-Tertiaire,surtension,243,surcharge
INC-0188,2025-12-28 05:29:00,67,Rives-Sud,baisse_tension,164,vetuste_materiel
INC-0189,2025-09-30 21:48:00,26,Bourg-Ancien,baisse_tension,560,defaut_isolement
INC-0190,2024-02-02 23:53:00,201,Zone-Industrielle,maintenance_programmee,90,surcharge
INC-0191,2024-04-04 10:34:00,96,Parc-Tertiaire,maintenance_programmee,103,defaut_isolement
INC-0192,2025-06-27 09:07:00,59,Zone-Industrielle,surtension,74,defaut_isolement
INC-0193,2024-06-18 08:22:00,141,Coteaux-Ouest,panne_poste,191,surcharge
INC-0194,2024-10-08 13:24:00,72,Bourg-Ancien,coupure,77,travaux_tiers
INC-0195,2024-04-13 16:33:00,5,Val-Nord,maintenance_programmee,105,surcharge
INC-0196,2024-07-26 13:16:00,54,Parc-Tertiaire,coupure,82,vetuste_materiel
INC-0197,2024-06-28 01:42:00,31,Parc-Tertiaire,baisse_tension,1117,defaut_isolement
INC-0198,2025-08-24 07:31:00,106,Parc-Tertiaire,panne_poste,772,vetuste_materiel
INC-0199,2025-10-20 13:30:00,34,Val-Nord,maintenance_programmee,175,inconnue
INC-0200,2024-07-11 01:35:00,51,Rives-Sud,surtension,1059,intemperie
INC-0201,2025-11-29 11:20:00,122,Coteaux-Ouest,maintenance_programmee,33,intemperie
INC-0202,2025-08-11 00:40:00,62,Plateau-Est,maintenance_programmee,84,defaut_isolement
INC-0203,2025-03-17 08:27:00,220,Parc-Tertiaire,panne_poste,312,travaux_tiers
INC-0204,2025-09-29 15:33:00,42,Val-Nord,maintenance_programmee,160,vetuste_materiel
INC-0205,2024-09-15 04:25:00,139,Plateau-Est,maintenance_programmee,174,defaut_isolement
INC-0206,2024-04-03 17:17:00,46,Val-Nord,coupure,622,surcharge
INC-0207,2025-01-28 15:23:00,144,Zone-Industrielle,maintenance_programmee,57,inconnue
INC-0208,2024-08-15 04:02:00,143,Bourg-Ancien,surtension,766,travaux_tiers
INC-0209,2025-10-15 00:37:00,8,Rives-Sud,panne_poste,247,intemperie
INC-0210,2025-05-20 14:51:00,129,Centre-Ville,surtension,29,defaut_isolement
INC-0211,2025-07-29 10:02:00,79,Centre-Ville,coupure,851,vetuste_materiel
INC-0212,2024-10-13 09:32:00,106,Coteaux-Ouest,baisse_tension,960,vetuste_materiel
INC-0213,2024-07-12 17:44:00,65,Val-Nord,panne_poste,573,inconnue
INC-0214,2025-01-24 09:38:00,195,Bourg-Ancien,coupure,236,intemperie
INC-0215,2025-03-15 17:47:00,187,Val-Nord,panne_poste,421,defaut_isolement
INC-0216,2025-10-20 23:20:00,53,Centre-Ville,baisse_tension,346,travaux_tiers
INC-0217,2024-04-18 04:21:00,86,Parc-Tertiaire,coupure,850,defaut_isolement
INC-0218,2025-01-21 00:52:00,213,Coteaux-Ouest,coupure,802,defaut_isolement
INC-0219,2024-03-14 05:23:00,146,Centre-Ville,baisse_tension,215,intemperie
INC-0220,2025-03-15 00:12:00,173,Plateau-Est,panne_poste,854,travaux_tiers
INC-0221,2025-05-12 15:42:00,15,Coteaux-Ouest,baisse_tension,171,intemperie
INC-0222,2025-12-20 20:14:00,219,Bourg-Ancien,coupure,335,defaut_isolement
INC-0223,2025-11-22 07:43:00,110,Plateau-Est,baisse_tension,823,intemperie
INC-0224,2024-10-19 16:45:00,88,Zone-Industrielle,surtension,759,defaut_isolement
INC-0225,2025-03-10 09:50:00,124,Rives-Sud,maintenance_programmee,94,surcharge
INC-0226,2024-06-26 21:45:00,5,Zone-Industrielle,surtension,15,surcharge
INC-0227,2025-01-29 16:31:00,206,Zone-Industrielle,panne_poste,442,defaut_isolement
INC-0228,2024-11-02 03:37:00,135,Bourg-Ancien,baisse_tension,1118,defaut_isolement
INC-0229,2025-12-08 08:14:00,196,Parc-Tertiaire,coupure,3,defaut_isolement
INC-0230,2025-03-26 11:06:00,76,Rives-Sud,panne_poste,1046,surcharge
INC-0231,2024-07-29 02:16:00,51,Coteaux-Ouest,baisse_tension,298,travaux_tiers
INC-0232,2025-08-23 20:18:00,70,Coteaux-Ouest,coupure,1023,surcharge
INC-0233,2025-01-13 20:53:00,182,Parc-Tertiaire,coupure,664,travaux_tiers
INC-0234,2024-05-27 02:57:00,28,Rives-Sud,surtension,634,surcharge
INC-0235,2024-10-31 16:25:00,69,Parc-Tertiaire,surtension,503,vetuste_materiel
INC-0236,2024-01-15 19:41:00,44,Bourg-Ancien,baisse_tension,936,defaut_isolement
INC-0237,2024-12-03 09:02:00,172,Centre-Ville,surtension,1011,defaut_isolement
INC-0238,2025-04-18 19:45:00,76,Plateau-Est,maintenance_programmee,87,vetuste_materiel
INC-0239,2024-11-12 01:50:00,82,Bourg-Ancien,maintenance_programmee,43,defaut_isolement
INC-0240,2024-05-25 19:12:00,109,Rives-Sud,panne_poste,855,intemperie
INC-0241,2024-08-10 02:50:00,101,Centre-Ville,surtension,1097,vetuste_materiel
INC-0242,2024-11-03 20:45:00,110,Val-Nord,surtension,141,travaux_tiers
INC-0243,2025-10-15 09:30:00,56,Parc-Tertiaire,baisse_tension,951,intemperie
INC-0244,2024-12-21 03:58:00,127,Val-Nord,panne_poste,288,surcharge
INC-0245,2024-12-19 06:44:00,19,Bourg-Ancien,coupure,242,inconnue
INC-0246,2024-01-15 14:27:00,147,Parc-Tertiaire,maintenance_programmee,56,defaut_isolement
INC-0247,2025-06-11 01:12:00,79,Val-Nord,coupure,560,vetuste_materiel
INC-0248,2024-10-27 06:40:00,5,Rives-Sud,coupure,477,inconnue
INC-0249,2024-05-19 00:32:00,39,Zone-Industrielle,maintenance_programmee,21,travaux_tiers
INC-0250,2024-01-15 13:31:00,194,Plateau-Est,maintenance_programmee,162,travaux_tiers
INC-0251,2025-12-14 19:46:00,144,Val-Nord,surtension,348,vetuste_materiel
INC-0252,2024-11-22 18:47:00,5,Centre-Ville,coupure,931,intemperie
INC-0253,2024-11-08 13:25:00,114,Coteaux-Ouest,baisse_tension,927,defaut_isolement
INC-0254,2025-08-18 09:37:00,5,Parc-Tertiaire,baisse_tension,48,intemperie
INC-0255,2024-12-16 21:40:00,177,Bourg-Ancien,baisse_tension,276,intemperie
INC-0256,2024-07-31 18:13:00,5,Plateau-Est,baisse_tension,483,inconnue
INC-0257,2024-03-08 12:51:00,121,Coteaux-Ouest,maintenance_programmee,52,surcharge
INC-0258,2024-04-14 07:17:00,93,Bourg-Ancien,panne_poste,452,intemperie
INC-0259,2025-11-24 01:58:00,102,Val-Nord,coupure,645,travaux_tiers
INC-0260,2024-07-20 02:35:00,96,Centre-Ville,maintenance_programmee,174,vetuste_materiel
INC-0261,2025-11-25 09:09:00,197,Plateau-Est,surtension,889,vetuste_materiel
INC-0262,2025-09-17 16:10:00,39,Zone-Industrielle,baisse_tension,295,defaut_isolement
INC-0263,2024-02-29 12:01:00,184,Zone-Industrielle,coupure,1091,defaut_isolement
INC-0264,2025-11-02 20:36:00,95,Parc-Tertiaire,maintenance_programmee,39,travaux_tiers
INC-0265,2024-12-02 00:20:00,157,Coteaux-Ouest,surtension,701,intemperie
INC-0266,2025-12-14 07:08:00,164,Parc-Tertiaire,surtension,343,surcharge
INC-0267,2024-11-07 05:45:00,71,Val-Nord,baisse_tension,1152,vetuste_materiel
INC-0268,2024-04-28 17:14:00,180,Bourg-Ancien,maintenance_programmee,193,inconnue
INC-0269,2025-12-25 06:39:00,148,Val-Nord,maintenance_programmee,136,intemperie
INC-0270,2024-12-28 05:24:00,185,Plateau-Est,baisse_tension,911,travaux_tiers
INC-0271,2024-05-15 05:53:00,64,Bourg-Ancien,maintenance_programmee,177,inconnue
INC-0272,2025-04-06 14:47:00,100,Val-Nord,panne_poste,148,surcharge
INC-0273,2024-12-10 01:11:00,87,Parc-Tertiaire,coupure,508,inconnue
INC-0274,2025-03-20 04:11:00,151,Zone-Industrielle,coupure,711,intemperie
INC-0275,2025-10-25 01:25:00,21,Plateau-Est,maintenance_programmee,24,inconnue
INC-0276,2025-05-19 18:02:00,34,Val-Nord,coupure,337,inconnue
INC-0277,2025-06-30 00:39:00,85,Val-Nord,surtension,1115,surcharge
INC-0278,2025-02-18 09:04:00,194,Rives-Sud,panne_poste,177,travaux_tiers
INC-0279,2025-01-09 01:44:00,31,Parc-Tertiaire,surtension,967,vetuste_materiel
INC-0280,2024-04-02 12:35:00,54,Bourg-Ancien,maintenance_programmee,136,inconnue
INC-0281,2024-04-24 13:24:00,100,Parc-Tertiaire,baisse_tension,719,inconnue
INC-0282,2024-01-03 02:43:00,185,Plateau-Est,surtension,283,vetuste_materiel
INC-0283,2024-01-24 17:30:00,169,Centre-Ville,surtension,977,travaux_tiers
INC-0284,2025-04-30 12:22:00,93,Parc-Tertiaire,baisse_tension,600,surcharge
INC-0285,2024-04-17 17:06:00,74,Plateau-Est,surtension,762,inconnue
INC-0286,2025-08-17 08:05:00,62,Bourg-Ancien,panne_poste,530,intemperie
INC-0287,2025-06-23 19:24:00,7,Centre-Ville,baisse_tension,642,surcharge
INC-0288,2024-07-07 22:24:00,24,Centre-Ville,coupure,769,intemperie
INC-0289,2024-03-27 05:24:00,106,Rives-Sud,coupure,242,intemperie
INC-0290,2025-12-26 18:43:00,175,Centre-Ville,coupure,17,intemperie
INC-0291,2025-02-06 02:06:00,140,Plateau-Est,surtension,186,travaux_tiers
INC-0292,2025-07-11 03:52:00,108,Coteaux-Ouest,surtension,335,inconnue
INC-0293,2024-04-04 11:53:00,27,Parc-Tertiaire,maintenance_programmee,120,defaut_isolement
INC-0294,2025-02-05 08:44:00,124,Rives-Sud,maintenance_programmee,197,vetuste_materiel
INC-0295,2024-04-22 18:31:00,96,Centre-Ville,panne_poste,105,vetuste_materiel
INC-0296,2025-06-17 18:34:00,132,Parc-Tertiaire,surtension,48,surcharge
INC-0297,2025-09-28 23:41:00,146,Zone-Industrielle,surtension,69,travaux_tiers
INC-0298,2025-12-02 15:27:00,83,Centre-Ville,coupure,88,inconnue
INC-0299,2024-09-12 23:21:00,87,Coteaux-Ouest,baisse_tension,421,surcharge
INC-0300,2024-02-18 06:31:00,137,Val-Nord,maintenance_programmee,112,inconnue
INC-0301,2024-08-09 22:29:00,94,Bourg-Ancien,panne_poste,1111,vetuste_materiel
INC-0302,2024-08-31 11:23:00,5,Centre-Ville,maintenance_programmee,182,inconnue
INC-0303,2024-07-10 08:14:00,78,Bourg-Ancien,baisse_tension,1052,defaut_isolement
INC-0304,2025-09-16 10:30:00,63,Rives-Sud,maintenance_programmee,173,inconnue
INC-0305,2024-12-29 21:22:00,66,Coteaux-Ouest,coupure,800,defaut_isolement
INC-0306,2025-10-06 11:59:00,5,Rives-Sud,baisse_tension,858,defaut_isolement
INC-0307,2024-05-24 00:53:00,83,Bourg-Ancien,maintenance_programmee,133,travaux_tiers
INC-0308,2024-01-11 17:21:00,193,Centre-Ville,maintenance_programmee,24,surcharge
INC-0309,2025-03-06 06:28:00,63,Rives-Sud,maintenance_programmee,164,inconnue
INC-0310,2025-12-28 08:48:00,130,Val-Nord,baisse_tension,528,defaut_isolement
INC-0311,2024-08-07 10:11:00,35,Val-Nord,maintenance_programmee,143,vetuste_materiel
INC-0312,2025-06-07 05:53:00,146,Rives-Sud,maintenance_programmee,103,travaux_tiers
INC-0313,2024-09-08 12:22:00,66,Coteaux-Ouest,panne_poste,263,vetuste_materiel
INC-0314,2025-01-01 11:48:00,64,Val-Nord,panne_poste,236,surcharge
INC-0315,2025-04-01 06:43:00,65,Coteaux-Ouest,panne_poste,246,defaut_isolement
INC-0316,2024-10-03 15:04:00,15,Bourg-Ancien,surtension,308,inconnue
INC-0317,2024-04-24 05:14:00,72,Coteaux-Ouest,surtension,1119,intemperie
INC-0318,2024-05-25 05:07:00,109,Rives-Sud,coupure,1114,inconnue
INC-0319,2024-09-02 07:43:00,91,Centre-Ville,surtension,118,intemperie
INC-0320,2024-07-26 22:32:00,8,Val-Nord,surtension,678,travaux_tiers
INC-0321,2024-03-15 16:03:00,72,Plateau-Est,coupure,322,inconnue
INC-0322,2024-10-05 08:35:00,44,Plateau-Est,surtension,446,vetuste_materiel
INC-0323,2025-11-30 15:02:00,175,Val-Nord,baisse_tension,141,intemperie
INC-0324,2024-08-08 23:36:00,107,Rives-Sud,surtension,626,inconnue
INC-0325,2024-07-05 15:41:00,200,Val-Nord,surtension,20,surcharge
INC-0326,2024-12-02 11:24:00,104,Bourg-Ancien,panne_poste,1042,surcharge
INC-0327,2024-06-05 02:46:00,100,Centre-Ville,surtension,756,defaut_isolement
INC-0328,2025-11-24 13:13:00,126,Coteaux-Ouest,baisse_tension,383,vetuste_materiel
INC-0329,2025-09-29 22:18:00,5,Val-Nord,surtension,722,intemperie
INC-0330,2024-12-15 05:49:00,137,Coteaux-Ouest,panne_poste,265,intemperie
INC-0331,2025-06-17 22:22:00,96,Bourg-Ancien,panne_poste,690,defaut_isolement
INC-0332,2024-02-11 10:29:00,194,Val-Nord,baisse_tension,886,travaux_tiers
INC-0333,2025-01-09 22:02:00,224,Plateau-Est,surtension,1052,defaut_isolement
INC-0334,2024-05-23 08:57:00,114,Bourg-Ancien,baisse_tension,627,defaut_isolement
INC-0335,2025-10-20 17:54:00,114,Zone-Industrielle,panne_poste,1077,vetuste_materiel
INC-0336,2024-08-05 17:21:00,60,Val-Nord,surtension,584,defaut_isolement
INC-0337,2024-02-09 08:34:00,135,Rives-Sud,coupure,1100,inconnue
INC-0338,2025-10-29 07:52:00,40,Rives-Sud,maintenance_programmee,44,inconnue
INC-0339,2025-03-14 17:04:00,205,Plateau-Est,coupure,852,vetuste_materiel
INC-0340,2024-10-18 05:03:00,40,Val-Nord,surtension,274,vetuste_materiel
INC-0341,2025-07-03 14:14:00,5,Rives-Sud,maintenance_programmee,171,surcharge
INC-0342,2025-04-16 20:50:00,43,Val-Nord,maintenance_programmee,125,surcharge
INC-0343,2024-11-05 07:51:00,123,Coteaux-Ouest,maintenance_programmee,104,vetuste_materiel
INC-0344,2024-04-21 01:13:00,5,Rives-Sud,coupure,538,travaux_tiers
INC-0345,2024-07-18 00:49:00,70,Bourg-Ancien,baisse_tension,293,defaut_isolement
INC-0346,2024-08-23 20:23:00,116,Plateau-Est,baisse_tension,694,inconnue
INC-0347,2025-08-24 13:26:00,52,Centre-Ville,maintenance_programmee,113,vetuste_materiel
INC-0348,2024-12-17 13:14:00,191,Bourg-Ancien,panne_poste,999,surcharge
INC-0349,2025-12-17 15:56:00,62,Zone-Industrielle,coupure,803,surcharge
INC-0350,2025-06-09 16:58:00,67,Coteaux-Ouest,panne_poste,1157,surcharge
INC-0351,2024-05-02 08:13:00,89,Bourg-Ancien,surtension,886,surcharge
INC-0352,2025-03-12 23:55:00,199,Bourg-Ancien,baisse_tension,1142,intemperie
INC-0353,2025-01-20 14:01:00,123,Coteaux-Ouest,panne_poste,417,vetuste_materiel
INC-0354,2025-05-12 11:17:00,54,Bourg-Ancien,surtension,38,inconnue
INC-0355,2024-05-20 10:13:00,116,Zone-Industrielle,surtension,504,vetuste_materiel
INC-0356,2025-01-26 03:50:00,5,Plateau-Est,surtension,1016,intemperie
INC-0357,2024-06-05 12:57:00,113,Parc-Tertiaire,coupure,724,surcharge
INC-0358,2024-01-29 01:02:00,108,Zone-Industrielle,panne_poste,1119,travaux_tiers
INC-0359,2025-04-19 04:34:00,5,Parc-Tertiaire,panne_poste,711,travaux_tiers
INC-0360,2025-05-22 03:41:00,118,Rives-Sud,panne_poste,741,vetuste_materiel
INC-0361,2024-06-17 19:06:00,5,Rives-Sud,maintenance_programmee,82,inconnue
INC-0362,2025-07-03 05:59:00,91,Val-Nord,panne_poste,1115,vetuste_materiel
INC-0363,2024-02-15 05:49:00,97,Centre-Ville,maintenance_programmee,83,intemperie
INC-0364,2025-11-06 06:15:00,137,Bourg-Ancien,baisse_tension,515,vetuste_materiel
INC-0365,2025-03-24 04:39:00,139,Parc-Tertiaire,baisse_tension,1100,defaut_isolement
INC-0366,2024-02-28 16:36:00,141,Bourg-Ancien,baisse_tension,223,vetuste_materiel
INC-0367,2024-01-24 10:18:00,142,Zone-Industrielle,maintenance_programmee,186,inconnue
INC-0368,2025-12-19 13:56:00,142,Coteaux-Ouest,coupure,367,intemperie
INC-0369,2025-10-13 15:56:00,110,Val-Nord,panne_poste,828,defaut_isolement
INC-0370,2024-08-12 22:46:00,25,Coteaux-Ouest,maintenance_programmee,96,inconnue
INC-0371,2025-04-04 07:26:00,74,Rives-Sud,coupure,1129,vetuste_materiel
INC-0372,2024-11-02 02:14:00,122,Bourg-Ancien,surtension,351,travaux_tiers
INC-0373,2024-03-01 10:28:00,174,Bourg-Ancien,panne_poste,843,inconnue
INC-0374,2024-03-16 19:26:00,56,Bourg-Ancien,baisse_tension,415,defaut_isolement
INC-0375,2025-12-15 04:23:00,132,Zone-Industrielle,panne_poste,607,travaux_tiers
INC-0376,2024-10-04 19:50:00,21,Parc-Tertiaire,surtension,527,vetuste_materiel
INC-0377,2024-12-12 01:43:00,82,Bourg-Ancien,coupure,1150,intemperie
INC-0378,2024-01-08 02:29:00,140,Plateau-Est,baisse_tension,133,inconnue
INC-0379,2025-08-31 05:32:00,71,Rives-Sud,surtension,94,intemperie
INC-0380,2025-12-07 03:28:00,154,Val-Nord,coupure,867,vetuste_materiel
INC-0381,2025-02-24 04:01:00,148,Plateau-Est,baisse_tension,932,vetuste_materiel
INC-0382,2024-07-12 20:33:00,89,Rives-Sud,baisse_tension,167,vetuste_materiel
INC-0383,2024-02-24 15:34:00,182,Zone-Industrielle,surtension,934,defaut_isolement
INC-0384,2024-10-15 05:39:00,5,Parc-Tertiaire,coupure,1035,travaux_tiers
INC-0385,2025-11-23 10:24:00,137,Plateau-Est,panne_poste,352,vetuste_materiel
INC-0386,2024-06-28 23:32:00,155,Val-Nord,panne_poste,1017,intemperie
INC-0387,2025-09-13 02:08:00,112,Centre-Ville,baisse_tension,142,inconnue
INC-0388,2024-09-22 13:39:00,153,Plateau-Est,coupure,267,intemperie
INC-0389,2024-08-26 08:19:00,5,Zone-Industrielle,surtension,111,intemperie
INC-0390,2025-07-18 01:44:00,21,Bourg-Ancien,maintenance_programmee,167,inconnue
INC-0391,2024-01-16 16:50:00,161,Centre-Ville,surtension,843,travaux_tiers
INC-0392,2025-03-20 09:16:00,153,Parc-Tertiaire,surtension,925,defaut_isolement
INC-0393,2024-08-25 12:24:00,49,Parc-Tertiaire,maintenance_programmee,40,vetuste_materiel
INC-0394,2025-05-12 15:29:00,85,Zone-Industrielle,surtension,49,surcharge
INC-0395,2025-04-02 23:01:00,44,Bourg-Ancien,surtension,347,defaut_isolement
INC-0396,2024-06-02 15:25:00,40,Parc-Tertiaire,coupure,1082,inconnue
INC-0397,2025-03-06 13:53:00,155,Plateau-Est,baisse_tension,149,surcharge
INC-0398,2025-08-10 08:06:00,74,Parc-Tertiaire,maintenance_programmee,49,vetuste_materiel
INC-0399,2024-02-10 08:57:00,262,Plateau-Est,surtension,383,intemperie
INC-0400,2024-01-27 14:03:00,63,Coteaux-Ouest,panne_poste,327,intemperie
INC-0401,2024-02-07 15:30:00,6,Val-Nord,coupure,155,intemperie
INC-0402,2024-08-10 22:00:00,51,Zone-Industrielle,baisse_tension,1061,surcharge
INC-0403,2024-03-31 18:59:00,217,Parc-Tertiaire,panne_poste,1193,surcharge
INC-0404,2024-11-04 21:49:00,72,Coteaux-Ouest,surtension,186,travaux_tiers
INC-0405,2024-01-10 16:24:00,192,Plateau-Est,baisse_tension,650,defaut_isolement
INC-0406,2025-12-25 12:41:00,147,Coteaux-Ouest,baisse_tension,1026,defaut_isolement
INC-0407,2024-01-21 01:47:00,5,Parc-Tertiaire,surtension,1067,inconnue
INC-0408,2025-05-10 11:27:00,5,Plateau-Est,baisse_tension,1064,vetuste_materiel
INC-0409,2024-02-14 19:55:00,136,Zone-Industrielle,surtension,71,defaut_isolement
INC-0410,2025-01-30 22:02:00,84,Rives-Sud,panne_poste,754,intemperie
INC-0411,2025-02-06 01:29:00,160,Parc-Tertiaire,baisse_tension,730,inconnue
INC-0412,2024-03-19 21:30:00,170,Coteaux-Ouest,surtension,645,inconnue
INC-0413,2025-06-11 11:48:00,5,Val-Nord,panne_poste,1169,travaux_tiers
INC-0414,2025-04-02 14:19:00,106,Bourg-Ancien,maintenance_programmee,165,defaut_isolement
INC-0415,2025-04-16 20:15:00,5,Bourg-Ancien,maintenance_programmee,55,surcharge
INC-0416,2024-02-25 23:27:00,61,Bourg-Ancien,surtension,513,inconnue
INC-0417,2024-09-10 12:04:00,97,Coteaux-Ouest,coupure,1048,inconnue
INC-0418,2025-08-14 15:52:00,97,Rives-Sud,baisse_tension,208,surcharge
INC-0419,2025-11-03 20:49:00,211,Rives-Sud,surtension,256,surcharge
INC-0420,2025-07-01 12:50:00,5,Coteaux-Ouest,surtension,250,vetuste_materiel
